,Tribal Name,ADSL 4/1  ,ADSL 10/1,ADSL 25/3,ADSL 100/10,Cable 4/1,Cable 10/1,Cable 25/3,Cable 100/10,Fiber 4/1  ,Fiber 10/1,Fiber 25/3,Fiber 100/10,Fixed Wireless 4/1  ,Fixed Wireless 10/1,Fixed Wireless 25/3,Fixed Wireless 100/10,Providers 4/1  ,Providers 10/1,Providers 25/3,Providers 100/10,Population,Longitude,Latitude,Rural,Urban
,Mohegan Reservation,100,100,0,0,0,0,0,0,0,0,0,0,0,0,0,0,1,1,0,0,1,-72.0940543,41.4900915,,
,Golden Hill Paugussett (state) Reservation,,,,,,,,,,,,,,,,,,,,,,-72.2680204,41.5521875,,
,Table Mountain Rancheria,100,100,100,0,0,0,0,0,0,0,0,0,100,100,100,0,3 or more,3 or more,2,0,68,-119.6359563,36.9848914,,
,Greenville Rancheria,100,0,0,0,0,0,0,0,0,0,0,0,0,0,0,0,1,0,0,0,33,-120.8933989,40.1487839,,
,Flathead Reservation,88.03,85.95,35.63,0,48.03,48.03,42.21,42.21,43.53,43.53,43.53,43.18,71.46,71.46,0,0,"2.72, 22.16, 47.89, 27.23","3.08, 23.43, 46.42, 27.07","29.94, 34.3, 33.78, 1.98","44.45, 25.66, 28.82, 1.17","30,431",-114.2842791,47.4967703,,
,Bishop Reservation,71.21,71.21,0,0,100,100,100,100,0,0,0,0,0,0,0,0,,,,,,-118.4204847,37.3644131,,
,Fallon Paiute-Shoshone Reservation,73.38,73.38,41.48,0,0,0,0,0,53.29,53.29,53.29,53.29,100,0,0,0,,,,,,-118.618146,39.5210015,,
,Walker River Reservation,0,0,0,0,0,0,0,0,0,0,0,0,97.81,0.34,0.34,0.34,,,,,,-118.730578,38.975737,,
,Los Coyotes Reservation,0,0,0,0,0,0,0,0,0,0,0,0,100,100,100,100,,,,,,-116.5560198,33.2976981,,
,Manzanita Reservation,0,0,0,0,0,0,0,0,0,0,0,0,100,100,100,100,,,,,,-116.3461124,32.7547169,,
,Mesa Grande Reservation,0,0,0,0,0,0,0,0,0,0,0,0,100,100,100,100,,,,,,-116.742366,33.0931693,,
,Pala Reservation,0,0,0,0,0,0,0,0,0,0,0,0,100,100,100,100,,,,,,-117.0492138,33.3604207,,
,Isabella Reservation,71.87,66.33,0,0,82.51,82.51,82.51,82.51,25.12,25.12,25.12,25.12,99.97,99.97,97.5,51.63,,,,,,-84.7807446,43.6761118,,
,Mattaponi (state) Reservation,,,,,,,,,,,,,,,,,,,,,,-76.9151278,37.6615027,,
,Roaring Creek Rancheria,100,0,0,0,0,0,0,0,0,0,0,0,0,0,0,0,,,,,,-121.953475,40.8933119,,
,Pueblo of Pojoaque,82.47,74.58,54.24,32.52,2.94,2.94,2.94,0,0,0,0,0,100,100,37.13,0,,,,,,-106.0262714,35.8934889,,
,Rosebud Indian Reservation,93.62,91.83,23.13,0,56.63,56.63,56.63,0,3.22,3.22,3.22,3.22,0,0,0,0,,,,,,-100.7076636,43.2087936,,
,Woodfords Community,74.25,0.6,0,0,0,0,0,0,0,0,0,0,0,0,0,0,,,,,,-119.7941527,38.800485,,
,Spokane Reservation,26.32,26.32,23.46,1.72,0,0,0,0,0,0,0,0,100,100,100,100,,,,,,-118.0481633,47.9291007,,
,Chitimacha Reservation,0,0,0,0,50.27,50.27,50.27,50.27,0,0,0,0,100,100,100,0,,,,,,-91.53118,29.883662,,
,"Coos, Lower Umpqua, and Siuslaw Reservation",0,0,0,0,99.69,99.69,99.69,99.69,,,,,0,0,0,0,,,,,,-124.4476014,42.8103663,,
,Pascua Pueblo Yaqui Reservation,11.07,11.07,11.07,2.37,0,0,0,0,0,0,0,0,100,100,100,0,,,,,,-111.0821095,32.1117152,,
,Berry Creek Rancheria,0,0,0,0,0,0,0,0,0,0,0,0,0,0,0,0,,,,,,-121.3278834,39.6256089,,
,Enterprise Rancheria,0,0,0,0,0,0,0,0,0,0,0,0,60,60,0,0,,,,,,-121.3554802,39.561638,,
,Shakopee Mdewakanton Sioux Community,78.79,78.79,35.61,9.34,35.86,35.86,35.86,35.86,97.47,97.47,97.47,97.47,39.39,0,0,0,,,,,,-93.4526868,44.7539236,,
,Santa Rosa Rancheria,0,0,0,0,0,0,0,0,0,0,0,0,100,100,100,0,,,,,,-119.7551327,36.236111,,
,L'Anse Reservation,81.99,81.99,0,0,87.29,87.29,87.29,87.29,17.45,17.45,17.45,17.45,0,0,0,0,,,,,,-88.3701565,46.7800119,,
,Paucatuck Eastern Pequot (state) Reservation,,,,,,,,,,,,,,,,,,,,,,-71.9377759,41.4455323,,
,Mississippi Choctaw Reservation,18.44,18.44,9.13,0.85,59.96,59.96,59.96,0,19.59,19.59,19.59,19.59,21.44,21.44,0,0,,,,,,-88.6842836,32.7734402,,
,Duck Valley Reservation,22.87,22.87,0,0,0,0,0,0,0,0,0,0,0,0,0,0,,,,,,-116.1837855,41.9952686,,
,Southern Ute Reservation,44.96,44.96,21.85,0,13.16,13.16,13.16,13.16,0.06,0.06,0.06,0.06,77.01,76.58,76.5,0,,,,,,-107.6501252,37.1064024,,
,Ute Mountain Reservation,62.44,52.55,46.14,0,0,0,0,0,0,0,0,0,15.53,7.9,0,0,,,,,,-108.6501522,37.0971249,,
,Shoalwater Bay Indian Reservation,0,0,0,0,92.5,92.5,92.5,92.5,0,0,0,0,0,0,0,0,,,,,,-124.0291958,46.7214629,,
,Pamunkey (state) Reservation,,,,,,,,,,,,,,,,,,,,,,-77.0052176,37.5718327,,
,Lower Sioux Indian Community,36.34,36.34,36.34,0,41.8,41.8,41.8,41.8,0,0,0,0,100,100,100,0,,,,,,-94.9905189,44.5308483,,
,Redwood Valley Rancheria,0,0,0,0,100,100,100,100,0,0,0,0,100,100,0,0,,,,,,-123.179714,39.2901865,,
,Sherwood Valley Rancheria,0,0,0,0,73.55,73.55,73.55,73.55,0,0,0,0,100,100,0,0,,,,,,-123.4883321,39.5370503,,
,Middletown Rancheria,0,0,0,0,0,0,0,0,0,0,0,0,100,100,0,0,,,,,,-122.6258468,38.7286756,,
,Paiute (UT) Reservation,32.66,25,6.25,0,,,,,,,,,88.91,88.91,88.91,88.91,,,,,,-113.7832703,37.1701757,,
,San Pasqual Reservation,81.63,81.63,69.38,25.39,73.04,73.04,73.04,73.04,0,0,0,0,100,100,100,100,,,,,,-116.9627338,33.2112323,,
,Santa Ysabel Reservation,0,0,0,0,0,0,0,0,0,0,0,0,100,100,100,100,,,,,,-116.6586025,33.1837003,,
,Fort Berthold Reservation,4.75,4.75,4.75,4.75,0,0,0,0,86.54,86.54,86.54,86.54,1.8,0,0,0,,,,,,-102.2967782,47.7696737,,
,Mooretown Rancheria,0,0,0,0,100,100,100,100,0,0,0,0,8.72,8.72,0,0,,,,,,-121.5197261,39.4670736,,
,Shinnecock (state) Reservation,,,,,,,,,,,,,,,,,,,,,,-72.43097,40.8737611,,
,Pine Ridge Reservation,68.16,67.19,10.51,0,16.6,16.6,16.6,0,64.08,64.08,64.08,64.08,0,0,0,0,,,,,,-102.0818655,43.3449996,,
,Little Traverse Bay Reservation,0,0,0,0,16.67,16.67,16.67,16.67,22.22,22.22,22.22,22.22,100,100,5.56,0,,,,,,-84.9786217,45.3543753,,
,Pleasant Point Reservation,100,100,52.69,0,100,100,100,100,0,0,0,0,4.57,4.57,0,0,,,,,,-67.0430846,44.9549298,,
,Miccosukee Reservation,91.11,91.11,91.11,0,0,0,0,0,0,0,0,0,0,0,0,0,,,,,,-80.8224485,26.0637699,,
,Laytonville Rancheria,0,0,0,0,0,0,0,0,0,0,0,0,100,100,0,0,,,,,,-123.5006818,39.6692904,,
,Manchester-Point Arena Rancheria,0,0,0,0,69.48,69.48,69.48,69.48,0,0,0,0,0,0,0,0,,,,,,-123.682571,38.9356895,,
,Iowa (KS-NE) Reservation,57.97,57.97,47.83,0,0,0,0,0,0,0,0,0,100,7.97,0,0,,,,,,-95.3823188,39.9971693,,
,Sac and Fox Nation Reservation,1.29,1.29,0,0,0,0,0,0,98.06,98.06,98.06,65.81,76.77,76.77,0,0,,,,,,-95.5130778,40.0094817,,
,Lytton Rancheria,100,100,100,0,0,0,0,0,0,0,0,0,100,100,100,0,,,,,,-122.334403,37.9525763,,
,Yavapai-Apache Nation Reservation,15.01,15.01,0,0,100,100,89.9,89.9,0,0,0,0,68.76,68.76,68.76,0,,,,,,-111.8957237,34.6194756,,
,Cabazon Reservation,95.01,10.91,0,0,90.57,90.57,90.57,90.57,82.07,82.07,82.07,82.07,7.3,1.39,1.39,0.28,,,,,,-116.1687638,33.687493,,
,Ysleta del Sur Pueblo,0,0,0,0,99.73,99.73,99.73,99.73,0,0,0,0,0,0,0,0,,,,,,-106.0379085,31.9260182,,
,Ohkay Owingeh,87.84,86.37,55.87,3.97,0,0,0,0,3.97,3.97,1.05,0.1,75.24,42.82,29,0,,,,,,-106.0717366,36.0532804,,
,Robinson Rancheria,0,0,0,0,82.38,82.38,82.38,82.38,0,0,0,0,41.97,41.97,0,0,,,,,,-122.8806537,39.1399222,,
,Zia Pueblo,2.49,2.49,2.49,0,0,0,0,0,0,0,0,0,100,1.93,1.47,0,,,,,,-106.7442429,35.5615623,,
,Warm Springs Reservation,49.14,47.31,0,0,0,0,0,0,0,0,0,0,93.72,66.26,66.26,0,,,,,,-121.4432309,44.8686817,,
,North Fork Rancheria,100,100,100,0,0,0,0,0,0,0,0,0,100,100,100,0,,,,,,-119.5135276,37.2275008,,
,Picayune Rancheria,100,100,96.61,0,0,0,0,0,3.39,3.39,3.39,0,100,100,100,0,,,,,,-119.69555,37.2120166,,
,Fort Independence Reservation,100,100,0,0,0,0,0,0,0,0,0,0,0,0,0,0,,,,,,-118.2289361,36.8411177,,
,Lone Pine Reservation,100,100,0,0,84.83,84.83,84.83,84.83,0,0,0,0,0,0,0,0,,,,,,-118.0560422,36.5968832,,
,Timbi-Sha Shoshone Reservation,0,0,0,0,,,,,0,0,0,0,0,0,0,0,,,,,,-117.5247411,37.4456367,,
,Isleta Pueblo,51.55,49.03,43.23,29.31,37.59,37.59,37.59,37.59,0,0,0,0,100,100,0.78,0,,,,,,-106.6662027,34.8913841,,
,Big Lagoon Rancheria,0,0,0,0,0,0,0,0,0,0,0,0,0,0,0,0,,,,,,-124.120788,41.1642587,,
,Blue Lake Rancheria,0,0,0,0,90,90,90,90,0,0,0,0,100,100,0,0,,,,,,-123.9980188,40.8833451,,
,Prairie Band of Potawatomi Nation Reservation,26.13,26.13,4.3,0,0,0,0,0,9.15,9.15,9.15,9.15,100,100,100,0,,,,,,-95.839787,39.3473013,,
,Crow Creek Reservation,0,0,0,0,0,0,0,0,100,100,100,100,88.11,63.42,63.42,0,,,,,,-99.4636669,44.1267556,,
,Benton Paiute Reservation,0,0,0,0,0,0,0,0,100,100,100,100,0,0,0,0,,,,,,-118.520935,37.7934453,,
,Bridgeport Reservation,100,100,0,0,0,0,0,0,100,100,100,100,0,0,0,0,,,,,,-119.2156398,38.2664919,,
,Pinoleville Rancheria,0,0,0,0,100,100,100,100,0,0,0,0,100,100,0,0,,,,,,-123.2177979,39.1801858,,
,Hollywood Reservation,70.56,70.56,70.56,19.86,86.64,86.64,86.64,86.64,0,0,0,0,0,0,0,0,,,,,,-80.2120379,26.0418692,,
,Pueblo de Cochiti,0,0,0,0,0,0,0,0,0,0,0,0,100,100,0,0,,,,,,-106.3148255,35.6103303,,
,Nambe Pueblo,91.37,91.37,71.38,42.84,13.03,13.03,13.03,13.03,0,0,0,0,100,100,12.09,0,,,,,,-105.9201648,35.8702317,,
,San Ildefonso Pueblo,51.77,51.19,42.42,21.92,1.8,1.8,1.8,1.8,0,0,0,0,100,100,40.73,0,,,,,,-106.1457005,35.8851545,,
,Santa Clara Pueblo,97.04,94.59,72.47,24.72,1.65,1.65,1.65,1.65,22.96,22.96,20.41,18.68,95.03,64.06,45.02,0,,,,,,-106.1893707,35.9745877,,
,Santo Domingo Pueblo,0,0,0,0,0,0,0,0,0,0,0,0,0,0,0,0,,,,,,-106.3771547,35.5341424,,
,Inaja and Cosmit Reservation,0,0,0,0,0,0,0,0,0,0,0,0,100,100,100,100,,,,,,-116.6416425,33.0105121,,
,Jamul Indian Village,0,0,0,0,0,0,0,0,0,0,0,0,100,100,100,100,,,,,,-116.8708524,32.7026509,,
,La Jolla Reservation,0,0,0,0,1.63,1.63,1.63,1.63,0,0,0,0,100,100,100,100,,,,,,-116.8497043,33.2650358,,
,Onondaga Nation Reservation,0,0,0,0,51.98,51.98,51.98,51.98,0,0,0,0,0,0,0,0,,,,,,-76.1532238,42.9265081,,
,St. Regis Mohawk Reservation,0,0,0,0,0.53,0.53,0.53,0.53,99.87,99.87,99.87,99.87,100,100,37.48,0,,,,,,-74.643075,44.9787065,,
,Tohono O'odham Nation Reservation,22.07,22.05,1.47,0,1,1,1,1,31.2,31.2,31.2,31.2,96.74,24.53,13.21,0,,,,,,-112.070402,32.1500358,,
,Grand Traverse Reservation,0,0,0,0,100,100,100,100,0,0,0,0,100,100,100,0,,,,,,-85.6056959,45.0199637,,
,Little River Reservation,0,0,0,0,100,100,100,100,0,0,0,0,0,0,0,0,,,,,,-86.2487399,44.2862765,,
,Grand Ronde Community,65.8,65.8,40.14,0,51.59,51.59,48.26,40.43,0,0,0,0,0.43,0.43,0,0,,,,,,-123.6408083,45.1425661,,
,Kaibab Indian Reservation,32.96,32.96,32.96,0,0,0,0,0,0,0,0,0,35.93,16.3,0,0,,,,,,-112.6673019,36.9097094,,
,Augustine Reservation,100,100,0,0,100,100,100,100,0,0,0,0,0,0,0,0,,,,,,-116.1912023,33.649863,,
,Port Gamble Reservation,62.57,62.57,36.21,0,99.78,99.78,99.78,99.78,0,0,0,0,0,0,0,0,,,,,,-122.5581025,47.8479557,,
,Quartz Valley Reservation,96.61,96.61,0,0,0,0,0,0,0,0,0,0,0,0,0,0,,,,,,-122.9723591,41.6114831,,
,Oneida Nation Reservation,0,0,0,0,100,100,100,100,0,0,0,0,0,0,0,0,,,,,,-75.6190168,43.040721,,
,San Carlos Reservation,78.62,0,0,0,0,0,0,0,46.62,46.62,0,0,21.15,20.85,0,0,,,,,,-110.1934943,33.3163715,,
,Tonto Apache Reservation,59.17,59.17,0,0,59.17,59.17,59.17,59.17,0,0,0,0,0,0,0,0,,,,,,-111.3283728,34.2209433,,
,Sulphur Bank Rancheria,0,0,0,0,0,0,0,0,0,0,0,0,100,100,0,0,,,,,,-122.670785,39.0085854,,
,Dry Creek Rancheria,0,0,0,0,0,0,0,0,0,0,0,0,100,100,0,0,,,,,,-122.8564964,38.7024973,,
,Stewarts Point Rancheria,0,0,0,0,0,0,0,0,0,0,0,0,0,0,0,0,,,,,,-123.3390204,38.6566026,,
,Match-e-be-nash-she-wish Band of Pottawatomi Reservation,0,0,0,0,,,,,0,0,0,0,0,0,0,0,,,,,,-85.657207,42.6340652,,
,Stewart Community,85.39,85.39,82.58,17.42,91.57,91.57,91.57,91.57,0,0,0,0,0,0,0,0,,,,,,-119.8100925,39.0617686,,
,Klamath Reservation,0,0,0,0,0,0,0,0,69.23,69.23,69.23,69.23,7.69,7.69,0,0,,,,,,-121.8802532,42.5351683,,
,Hoopa Valley Reservation,0,0,0,0,0,0,0,0,0,0,0,0,97.14,97.14,0,0,,,,,,-123.6734422,41.0933714,,
,Fort Mojave Reservation,11.01,11.01,0,0,20.31,20.31,20.31,20.31,96.88,96.88,96.88,0,76.49,76.49,0,0,,,,,,-114.6145112,34.9382716,,
,Smith River Rancheria,0,0,0,0,100,100,100,100,0,0,0,0,0,0,0,0,,,,,,-124.206444,41.9554035,,
,Duckwater Reservation,0,0,0,0,0,0,0,0,0,0,0,0,100,0,0,0,,,,,,-115.7088195,38.9270553,,
,Redding Rancheria,0,0,0,0,100,100,100,100,0,0,0,0,100,100,0,0,,,,,,-122.3837502,40.5066731,,
,Chicken Ranch Rancheria,0,0,0,0,100,100,100,100,0,0,0,0,100,100,100,0,,,,,,-120.4521421,37.928494,,
,Tuolumne Rancheria,100,100,0,0,47.03,47.03,47.03,47.03,0,0,0,0,100,100,100,0,,,,,,-120.2379437,37.9807806,,
,Fort Pierce Reservation,98.7,98.7,98.7,0,0,0,0,0,0,0,0,0,100,100,100,100,,,,,,-80.4348909,27.4021028,,
,La Posta Indian Reservation,0,0,0,0,0,0,0,0,0,0,0,0,100,100,100,100,,,,,,-116.3912486,32.7345086,,
,Coeur d'Alene Reservation,21.09,17.63,0,0,6.06,6.06,6.06,6.06,11.06,11.06,11.06,11.06,87.52,87.52,69.03,0,,,,,,-116.8255969,47.2956212,,
,Nez Perce Reservation,61.26,60.2,12.29,1.82,24.16,24.16,0,0,0,0,0,0,89.43,73.58,34.27,0.86,,,,,,-116.4002894,46.3061873,,
,Big Pine Reservation,100,100,0,0,100,100,100,100,0,0,0,0,0,0,0,0,,,,,,-118.2850655,37.1589602,,
,Fort Sill Apache Indian Reservation,0,0,0,0,0,0,0,0,0,0,0,0,0,0,0,0,,,,,,-107.4214313,32.241491,,
,Capitan Grande Reservation,0,0,0,0,0,0,0,0,0,0,0,0,100,100,100,100,,,,,,-116.7545002,32.9230249,,
,Ewiiaapaayp Reservation,0,0,0,0,0,0,0,0,0,0,0,0,100,100,100,100,,,,,,-116.3856553,32.8416331,,
,Laguna Pueblo,40.34,40.34,35.71,0,0,0,0,0,0,0,0,0,4.31,1.13,0,0,,,,,,-107.2340015,35.0271451,,
,Navajo Nation Reservation,54.04,49.14,4.67,0,0,0,0,0,0,0,0,0,81.35,2.38,0.2,0,,,,,,-109.9108419,36.2060997,,
,Summit Lake Reservation,0,0,0,0,0,0,0,0,0,0,0,0,0,0,0,0,,,,,,-119.0473844,41.5257358,,
,Rumsey Indian Rancheria,94.29,94.29,0,0,100,100,100,100,0,0,0,0,100,100,0,0,,,,,,-122.132463,38.7380785,,
,Tampa Reservation,30.23,30.23,0,0,67.44,67.44,67.44,67.44,30.23,30.23,30.23,30.23,0,0,0,0,,,,,,-82.3709966,27.9934932,,
,Forest County Potawatomi Community,92.65,92.65,0,0,3.57,3.57,3.57,3.57,0,0,0,0,0,0,0,0,,,,,,-88.6206011,45.4926326,,
,Sokaogon Chippewa Community,100,100,0,0,0,0,0,0,0,0,0,0,0,0,0,0,,,,,,-88.9900954,45.4911851,,
,Skull Valley Reservation,40.37,40.37,0,0,0,0,0,0,26.61,26.61,26.61,26.61,0,0,0,0,,,,,,-112.7358133,40.3874199,,
,Indian Township Reservation,92.5,92.5,76.79,0,17.8,17.8,17.8,17.8,0,0,0,0,99.65,0,0,0,,,,,,-67.6193498,45.2898668,,
,Yavapai-Prescott Reservation,95.02,95.02,81.45,0,97.29,97.29,97.29,97.29,0,0,0,0,100,100,100,0,,,,,,-112.4350383,34.5506888,,
,Cocopah Reservation,4.65,1.92,1.52,0,32.93,32.93,32.93,32.93,0,0,0,0,56.67,0,0,0,,,,,,-114.7993064,32.6143529,,
,Fort Yuma Indian Reservation,58.52,58.52,36.2,6.87,19.34,19.34,19.34,19.34,0,0,0,0,60.61,0,0,0,,,,,,-114.6761979,32.7966429,,
,Fort Belknap Reservation,43.58,42.57,41.95,0,0,0,0,0,53.35,53.35,53.35,53.35,93.86,93.86,0,0,,,,,,-108.6304726,48.2019901,,
,Upper Lake Rancheria,0,0,0,0,73.33,73.33,73.33,73.33,0,0,0,0,77.78,77.78,0,0,,,,,,-122.9192057,39.1852647,,
,Leech Lake Reservation,60.85,60.43,31.08,0,29.16,29.16,29.16,29.16,70.97,70.97,70.97,70.97,0,0,0,0,,,,,,-94.2504678,47.3578148,,
,White Earth Reservation,64.35,62.07,44.74,0,23.97,23.97,23.97,23.97,76.95,76.95,76.95,76.95,0,0,0,0,,,,,,-95.7275247,47.2119601,,
,Cheyenne River Reservation,0.31,0.31,0.31,0,0,0,0,0,90.32,90.32,90.32,90.32,4.71,4.71,4.71,0,,,,,,-101.2375877,45.0877477,,
,Hoh Indian Reservation,70.94,70.94,0,0,0,0,0,0,0,0,0,0,0,0,0,0,,,,,,-124.4217113,47.7399641,,
,Kootenai Reservation,0,0,0,0,0,0,0,0,0,0,0,0,100,100,100,0,,,,,,-116.3698298,48.7077476,,
,Carson Colony,0,0,0,0,100,100,100,100,0,0,0,0,0,0,0,0,,,,,,-119.775711,39.1393406,,
,Crow Reservation,19.92,9.73,5.74,0,0.38,0.38,0,0,51.87,51.87,51.87,51.3,48.8,48.77,48.77,0,,,,,,-107.7128677,45.3985026,,
,Spirit Lake Reservation,92.42,92.42,92.06,0,0,0,0,0,100,100,100,100,0,0,0,0,,,,,,-98.8702865,47.9009428,,
,Omaha Reservation,62,60.64,28.02,0,20.73,20.73,20.73,20.73,5.48,5.48,5.48,0,99.96,0.08,0,0,,,,,,-96.5306498,42.0968907,,
,Cold Springs Rancheria,100,100,84.92,0,0,0,0,0,0,0,0,0,0,0,0,0,,,,,,-119.324232,36.9715857,,
,Santa Rosa Reservation,13.33,13.33,0,0,0,0,0,0,58.67,58.67,58.67,58.67,0,0,0,0,,,,,,-116.5291962,33.5564601,,
,Menominee Reservation,73.81,52.59,0,0,71.53,71.53,71.53,71.53,0,0,,0,92.44,92.44,11.03,0,,,,,,-88.6692512,44.9913041,,
,Karuk Reservation,15.07,15.07,0,0,0,0,0,0,84.93,84.93,84.93,84.93,0,0,0,0,,,,,,-123.3767322,41.8009311,,
,Rohnerville Rancheria,0,0,0,0,84.62,84.62,84.62,84.62,0,0,0,0,100,100,0,0,,,,,,-124.1237603,40.5799098,,
,Table Bluff Reservation,0,0,0,0,0,0,0,0,0,0,0,0,100,100,0,0,,,,,,-124.2521799,40.6906501,,
,Trinidad Rancheria,0,0,0,0,48.44,48.44,48.44,48.44,0,0,0,0,34.37,34.37,0,0,,,,,,-124.1304925,41.0542229,,
,Yurok Reservation,0,0,0,0,0,0,0,0,1.87,1.87,1.87,1.87,0,0,0,0,,,,,,-123.9022326,41.3791293,,
,Bois Forte Reservation,91.67,87.56,44.52,0,0,0,0,0,0.68,0.68,0.68,0.68,0,0,0,0,,,,,,-93.2535967,48.0523879,,
,Fond du Lac Reservation,66.49,63.01,46.48,16.32,57.9,57.9,57.9,57.9,0.54,0.54,0.54,0.54,5.51,4.12,4.12,0,,,,,,-92.637931,46.7460045,,
,Stockbridge Munsee Community,87.11,86.79,0,0,87.11,86.79,0,0,0,0,0,0,77.65,77.65,76.35,0,,,,,,-88.8885314,44.9105914,,
,Kalispel Reservation,0,0,0,0,0,0,0,0,0,0,0,0,100,100,100,99.55,,,,,,-117.2763654,48.356477,,
,Coushatta Reservation,0,0,0,0,4.55,4.55,4.55,4.55,0,0,0,0,0,0,0,0,,,,,,-92.7987266,30.5321098,,
,Susanville Indian Rancheria,0,0,0,0,100,100,100,100,0,0,0,0,0,0,0,0,,,,,,-120.6444973,40.4442715,,
,Mashantucket Pequot Reservation,47.81,47.81,0,0,99.66,99.66,99.66,99.66,0,0,0,0,0,0,0,0,,,,,,-71.9747027,41.4660535,,
,Tama (state) Reservation,,,,,,,,,0,0,0,0,,,,,,,,,,-84.2650091,30.8622593,,
,Lac Vieux Desert Reservation,14.6,14.6,0,0,100,100,85.4,85.4,0,0,0,0,85.4,85.4,0,0,,,,,,-89.1759184,46.2825244,,
,San Manuel Reservation,60.58,60.58,60.58,43.07,100,100,100,100,0,0,0,0,100,100,100,100,,,,,,-117.2175843,34.1566174,,
,Cowlitz Reservation,0,0,0,0,100,100,100,100,100,100,100,100,100,100,100,0,,,,,,-122.7078391,45.8517191,,
,Barona Reservation,0,0,0,0,0,0,0,0,0,0,0,0,100,100,100,100,,,,,,-116.8443025,32.9557063,,
,Santa Ana Pueblo,72.38,9.82,9.55,9.16,72.38,9.55,9.55,9.55,0,0,0,0,100,98.69,98.69,0,,,,,,-106.5874067,35.4305604,,
,Lower Brule Reservation,96.57,92.52,28.25,0,96.57,92.52,65.73,0,36.92,36.92,36.92,36.92,60.63,60.63,60.63,0,,,,,,-99.755874,44.0923076,,
,Jemez Pueblo,91.18,91.18,79.83,22.94,91.18,91.18,79.83,22.94,1.88,1.88,1.88,1.88,100,1.04,0,0,,,,,,-106.8821089,35.7593539,,
,Jicarilla Apache Nation Reservation,81.91,81.59,73.25,7.79,81.91,81.59,73.25,7.79,6.95,6.95,6.95,6.95,99.56,0,0,0,,,,,,-107.0677113,36.5545359,,
,San Felipe Pueblo,4.4,4.4,2.46,0,7.9,7.9,5.95,3.49,0,0,0,0,100,100,100,0,,,,,,-106.4318234,35.4248555,,
,Shingle Springs Rancheria,0,0,0,0,0,0,0,0,0,0,0,0,100,100,100,0,,,,,,-120.9048733,38.6967283,,
,Alabama-Coushatta Reservation,91.59,91.59,0,0,91.59,91.59,0,0,0,0,0,0,0,0,0,0,,,,,,-94.7100482,30.7334034,,
,Rocky Boy's Reservation,0,0,0,0,0,0,0,0,100,100,100,100,0,0,0,0,,,,,,-109.7690171,48.2104174,,
,Maricopa (Ak Chin) Indian Reservation,66.79,66.79,49.53,26.63,68.58,68.58,57.12,37.01,0,0,0,0,100,100,0,0,,,,,,-112.0419729,33.00793,,
,Big Valley Rancheria,0,0,0,0,100,100,100,100,0,0,0,0,100,100,0,0,,,,,,-122.8871413,39.0203649,,
,Tunica-Biloxi Reservation,0,0,0,0,0,0,0,0,0,0,0,0,0,0,0,0,,,,,,-92.0536008,31.1132206,,
,Rincon Reservation,0,0,0,0,17.4,17.4,17.4,17.4,0,0,0,0,100,100,100,100,,,,,,-116.9592338,33.2638683,,
,Lac Courte Oreilles Reservation,63.94,63.8,17.86,0,97.08,96.94,86.66,77.87,1.93,1.93,1.93,1.93,0,0,0,0,,,,,,-91.3305643,45.8811565,,
,Bad River Reservation,38,38,5.55,0,39.6,39.6,7.14,1.6,7.77,7.77,7.77,7.77,97.09,97.09,0,0,,,,,,-90.6654905,46.5214832,,
,Upper Sioux Community,85.92,85.92,65.49,0,100,100,79.58,36.62,0,0,0,0,100,100,100,0,,,,,,-95.4996217,44.7602515,,
,Taos Pueblo,44.96,38.56,9.91,0,75.96,71.67,66.3,0,50.86,50.86,50.86,50.86,100,100,0,0,,,,,,-105.525024,36.4726948,,
,Kickapoo (TX) Reservation,0,0,0,0,100,100,100,100,0,0,0,0,0,0,0,0,,,,,,-100.4375695,28.6100323,,
,Mille Lacs Reservation,89.62,88.49,0,0,94.99,94.26,49.64,1,1.43,1.43,1.43,1.43,0.04,0.04,0,0,,,,,,-93.5965083,46.1300232,,
,Catawba Reservation,50.58,50.58,0,0,100,100,100,79.71,0,0,0,0,0,0,0,0,,,,,,-80.8814798,34.908355,,
,Picuris Pueblo,0,0,0,0,0,0,0,0,51.23,51.23,51.23,51.23,100,0.52,0.52,0,,,,,,-105.7094667,36.200284,,
,Coyote Valley Reservation,0,0,0,0,0,0,0,0,0,0,0,0,100,100,0,0,,,,,,-123.2089171,39.2541828,,
,Guidiville Rancheria,0,0,0,0,100,100,100,100,0,0,0,0,100,100,0,0,,,,,,-123.16994,39.1654306,,
,Nisqually Reservation,27.14,27.14,27.14,0,89.68,89.68,89.68,62.54,27.14,27.14,27.14,0,0,0,0,0,,,,,,-122.6606737,47.020937,,
,Mescalero Reservation,90.25,90.25,0,0,90.25,90.25,0,0,0,0,0,0,81.03,9.63,0,0,,,,,,-105.5832417,33.1761346,,
,Port Madison Reservation,86.07,86.07,29.73,0,99.21,99.21,98.44,98.33,4.4,4.4,4.4,4.4,0,0,0,0,,,,,,-122.5532271,47.7380056,,
,Santee Reservation,86.51,56.42,42.02,0,86.51,56.42,42.02,0,0,0,0,0,2.46,0,0,0,,,,,,-97.8218369,42.7107093,,
,Umatilla Reservation,21.1,20.89,18.11,0,64.26,64.04,64.04,63.83,55.64,55.64,55.64,55.64,95.12,95.12,95.12,0,,,,,,-118.5442643,45.6272756,,
,Battle Mountain Reservation,0,0,0,0,0,0,0,0,0,0,0,0,100,100,0,0,,,,,,-116.9698555,40.664247,,
,Colusa Rancheria,0,0,0,0,0,0,0,0,0,0,0,0,100,100,0,0,,,,,,-122.0240385,39.2538648,,
,Cortina Indian Rancheria,0,0,0,0,0,0,0,0,0,0,0,0,0,0,0,0,,,,,,-122.2904112,39.0182964,,
,Fort Peck Indian Reservation,76.53,74.59,50,0,76.53,74.59,50,0,41.38,41.38,41.38,38.56,99.98,99.98,20.58,0,,,,,,-105.5297091,48.3675377,,
,Fort Bidwell Reservation,0,0,0,0,0,0,0,0,0,0,0,0,0,0,0,0,,,,,,-120.1967696,41.8595179,,
,Likely Rancheria,0,0,0,0,0,0,0,0,,,,,0,0,0,0,,,,,,-120.4788308,41.2047695,,
,Lookout Rancheria,0,0,0,0,0,0,0,0,0,0,0,0,0,0,0,0,,,,,,-121.0933983,41.2138759,,
,XL Ranch Rancheria,0,0,0,0,0,0,0,0,0,0,0,0,0,0,0,0,,,,,,-120.4528304,41.5511283,,
,Prairie Island Indian Community,0,0,0,0,5.85,5.85,5.85,5.85,0,0,0,0,100,100,100,0,,,,,,-92.6565026,44.6353065,,
,Pokagon Reservation,100,100,0,0,100,100,100,100,0,0,0,0,100,100,100,0,,,,,,-86.7146018,41.7770842,,
,Havasupai Reservation,0,0,0,0,0,0,0,0,0,0,0,0,55.29,0,0,0,,,,,,-112.6134395,36.1609891,,
,Hopi Reservation,78.25,78.25,0,0,78.25,78.25,0,0,0,0,0,0,78.14,10.83,0,0,,,,,,-110.6083668,35.9223494,,
,Hualapai Indian Reservation,76.34,76.28,0,0,76.34,76.28,0,0,0,0,0,0,0.59,0.59,0,0,,,,,,-113.4010132,35.5095008,,
,Brighton Reservation,89.09,89.09,56.1,0,89.09,89.09,56.1,0,14.63,14.63,14.63,14.63,0,0,0,0,,,,,,-81.0544668,27.0948187,,
,Allegany Reservation,81.34,81.34,2.75,2.15,97.41,97.41,97.16,96.8,0,0,0,0,0,0,0,0,,,,,,-78.6704159,42.1241177,,
,Winnemucca Indian Colony,0,0,0,0,96.23,96.23,0,0,0,0,0,0,100,100,0,0,,,,,,-117.7211985,40.9531627,,
,Snoqualmie Reservation,0,0,0,0,0,0,0,0,0,0,0,0,0,0,0,0,,,,,,-121.841581,47.5191899,,
,Muckleshoot Reservation,97.45,97.45,95.55,86.98,97.81,97.81,97.4,96.36,18.02,18.02,18.02,12.77,0,0,0,0,,,,,,-122.1493676,47.2623137,,
,Puyallup Reservation,76.9,76.9,61.15,46.98,99.96,99.96,99.96,99.96,18.91,18.91,18.08,12.55,0,0,0,0,,,,,,-122.3696136,47.2448203,,
,Stillaguamish Reservation,100,100,0,0,100,100,0,0,100,100,100,100,0,0,0,0,,,,,,-122.1863471,48.2143754,,
,Tulalip Reservation,90.8,89.94,75.18,0,90.8,89.94,75.26,3.41,7.38,7.38,7.38,7.38,0,0,0,0,,,,,,-122.2609578,48.0770426,,
,Fort Hall Reservation,12.25,10.41,7.17,1.95,14.45,13.17,9.93,7.29,2.94,2.94,2.94,2.94,77.89,76.9,71.31,0,,,,,,-112.3648656,42.9681709,,
,Oil Springs Reservation,0,0,0,0,100,100,100,100,0,0,0,0,0,0,0,0,,,,,,-78.3028177,42.2312992,,
,Lac du Flambeau Reservation,94.95,94.95,1.01,0,95.35,95.35,1.01,0.23,0,0,0,0,95.15,95.15,21.91,0,,,,,,-89.8792842,45.9847994,,
,Campo Indian Reservation,0,0,0,0,0,0,0,0,0,0,0,0,100,100,100,100,,,,,,-116.3632607,32.6736407,,
,Hopland Rancheria,0,0,0,0,0,0,0,0,0,0,0,0,97.2,97.2,11.2,0,,,,,,-123.0383845,38.9995705,,
,Las Vegas Indian Colony,76.1,76.1,47.81,0,84.46,84.46,56.18,56.18,0,0,0,0,53.39,53.39,53.39,0,,,,,,-115.3404054,36.3499835,,
,Moapa River Indian Reservation,48.74,48.74,48.74,0,48.74,48.74,48.74,0,0.63,0.63,0.63,0.63,0,0,0,0,,,,,,-114.7423483,36.5700303,,
,Bay Mills Reservation,97.46,97.46,0,0,97.46,97.46,97.36,97.36,0,0,0,0,0,0,0,0,,,,,,-84.610022,46.4463369,,
,Osage Reservation,47.85,45.85,35.67,14.16,69.9,67.9,58.66,40.81,8.67,8.67,8.36,8.36,77.86,75.31,62.23,0,,,,,,-96.408112,36.6242995,,
,Alturas Indian Rancheria,0,0,0,0,,,,,,,,,0,0,0,0,,,,,,-120.5244037,41.4776544,,
,Cedarville Rancheria,0,0,0,0,0,0,0,0,0,0,0,0,0,0,0,0,,,,,,-120.1837215,41.5262496,,
,Schaghticoke (state) Reservation,,,,,,,,,,,,,,,,,,,,,,-73.5091255,41.692509,,
,Auburn Rancheria,0,0,0,0,0,0,0,0,0,0,0,0,100,100,100,100,,,,,,-121.3148206,38.8403521,,
,Poospatuck (state) Reservation,,,,,,,,,,,,,,,,,,,,,,-72.8325678,40.7889144,,
,Yomba Reservation,0,0,0,0,0,0,0,0,0,0,0,0,80.95,0,0,0,,,,,,-117.490804,38.9081593,,
,Sault Ste. Marie Reservation,0,0,0,0,98.24,98.24,98.24,98.24,0,0,0,0,1.76,1.76,0,0,,,,,,-84.2079693,46.4726976,,
,Burns Paiute Indian Colony,100,100,60.68,0,100,100,60.68,0,0,0,0,0,0,0,0,0,,,,,,-119.0636892,43.6026833,,
,Lummi Reservation,86.4,86.34,24.33,3.59,32.01,32.01,32.01,32.01,11.49,11.49,11.49,11.49,88.41,88.41,88.41,0,,,,,,-122.6378452,48.7673616,,
,Nooksack Reservation,0,0,0,0,100,100,100,100,0,0,0,0,0,0,0,0,,,,,,-122.2142705,48.8241428,,
,Tesuque Pueblo,44.41,44.41,41.34,9.54,40.79,40.79,40.79,40.79,0,0,0,0,100,100,14.36,0,,,,,,-105.9761807,35.8029261,,
,Narragansett Reservation,0,0,0,0,33.33,33.33,33.33,33.33,33.33,33.33,33.33,33.33,0,0,0,0,,,,,,-71.6743481,41.4165483,,
,Immokalee Reservation,66.58,66.58,43.08,11.23,6.53,6.53,6.53,6.53,15.14,15.14,15.14,15.14,0,0,0,0,,,,,,-81.4134689,26.4026259,,
,Red Lake Reservation,78.14,78.14,78.14,0,0,0,0,0,99.82,99.82,99.82,99.82,0,0,0,0,,,,,,-95.1631145,48.1431262,,
,Paskenta Rancheria,0,0,0,0,0,0,0,0,0,0,0,0,100,100,100,0,,,,,,-122.227276,39.8674225,,
,Standing Rock Reservation,13.62,13.62,13.62,0,0,0,0,0,90.94,90.94,90.94,84.69,0,0,0,0,,,,,,-101.1812042,45.871409,,
,Northwestern Shoshone Reservation,0,0,0,0,0,0,0,0,0,0,0,0,100,100,0,0,,,,,,-112.2348633,41.9458055,,
,Sycuan Reservation,0,0,0,0,54.07,54.07,54.07,54.07,0,0,0,0,100,100,100,100,,,,,,-116.8326234,32.7795386,,
,Colville Reservation,22.5,20.67,0,0,20.15,20.15,20.15,20.15,5.57,5.57,5.57,5.57,77.39,77.39,73.01,72.99,,,,,,-118.8719074,48.2439112,,
,Fort McDowell Yavapai Nation Reservation,2.2,2.2,0,0,6.87,6.87,6.87,6.87,0,0,0,0,93.35,93.35,93.35,0,,,,,,-111.6598954,33.6461625,,
,Gila River Indian Reservation,59.72,59.72,0,0,0.01,0.01,0.01,0.01,0,0,0,0,76.26,76.26,13.02,0,,,,,,-111.9314962,33.1508908,,
,Salt River Reservation,47.07,47.07,0,0,1.83,1.83,1.83,1.83,61.19,61.19,61.19,0,61.53,61.53,0.36,0.36,,,,,,-111.7981089,33.5222009,,
,Coquille Reservation,27.81,27.81,0,0,97.04,97.04,97.04,97.04,69.23,69.23,69.23,69.23,0,0,0,0,,,,,,-123.9101428,43.0735243,,
,Cahuilla Reservation,78.43,78.43,0,0,0,0,0,0,0,0,0,0,9.15,9.15,9.15,9.15,,,,,,-116.7117549,33.520243,,
,Colorado River Indian Reservation,68.17,64.68,0,0,74.05,74.05,74.05,74.05,0,0,0,0,0.44,0.17,0,0,,,,,,-114.3881153,33.9391133,,
,Morongo Reservation,42.74,2.42,0,0,3.77,3.77,3.77,3.77,69.26,69.26,69.26,69.26,88.63,88.63,88.63,88.63,,,,,,-116.8078551,33.9528051,,
,Pechanga Reservation,72.26,72.26,0,0,33.03,33.03,33.03,33.03,3.28,3.28,3.28,3.28,100,100,100,100,,,,,,-117.0482657,33.4403701,,
,Annette Island Reserve,93.78,0,0,0,0,0,0,0,0,0,0,0,0,0,0,0,,,,,,-131.4704246,55.1383523,,
,Turtle Mountain Reservation,14.77,14.77,0,0,0,0,0,0,100,100,100,100,0,0,0,0,,,,,,-99.7943891,48.8622578,,
,Poarch Creek Reservation,99.41,99.41,0,0,34.91,34.91,34.91,34.91,0,0,0,0,0,0,0,0,,,,,,-87.5646537,31.1059341,,
,Agua Caliente Indian Reservation,65.17,41.82,0,0,99.86,99.86,99.86,99.86,15.38,15.38,15.38,15.38,8.4,6.85,6.83,0.51,,,,,,-116.5320123,33.7877335,,
,Yankton Reservation,81.82,81.74,17.79,17.74,0,0,0,0,8.42,8.42,8.42,8.42,0,0,0,0,,,,,,-98.374242,43.1034164,,
,Ely Reservation,0,0,0,0,0,0,0,0,0,0,0,0,100,0,0,0,,,,,,-115.0131663,39.1560995,,
,Siletz Reservation,35.96,35.96,0,0,95.03,95.03,95.03,94.74,0,0,0,0,0,0,0,0,,,,,,-123.772324,44.7616952,,
,Fort Apache Reservation,78.44,78.01,0,0,0.13,0.13,0.13,0.13,0,0,0,0,4.28,1.34,0,0,,,,,,-110.1361375,33.941472,,
,Zuni Reservation,79.37,79.37,39.47,0,0,0,0,0,0,0,0,0,0.9,0.48,0.44,0,,,,,,-108.7487783,35.0399659,,
,Uintah and Ouray Reservation,66.45,56.65,56.65,0,1.11,1.11,1.11,1.11,35.55,35.55,35.55,35.55,95.01,0.05,0.05,0,,,,,,-111.2981912,40.2935767,,
,Pauma and Yuima Reservation,9.38,9.38,0,0,0,0,0,0,0,0,0,0,100,100,100,100,,,,,,-116.9549497,33.3632156,,
,Elk Valley Rancheria,0,0,0,0,100,100,100,100,0,0,0,0,0,0,0,0,,,,,,-124.1565074,41.7603258,,
,Resighini Rancheria,0,0,0,0,0,0,0,0,0,0,0,0,0,0,0,0,,,,,,-124.0166246,41.5145131,,
,Big Cypress Reservation,78.81,78.81,64.64,0,0,0,0,0,0,0,0,0,0,0,0,0,,,,,,-80.9604579,26.2998665,,
,Yakama Nation Reservation,61.69,61.69,0,0,51.3,51.3,51.3,51.3,0,0,0,0,88.82,88.82,79.48,0.37,,,,,,-120.7544343,46.2683064,,
,Lovelock Indian Colony,0,0,0,0,0,0,0,0,0,0,0,0,100,100,0,0,,,,,,-118.4832107,40.1739001,,
,Houlton Maliseet Reservation,100,100,100,0,100,100,100,100,98.1,98.1,98.1,98.1,0,0,0,0,,,,,,-67.8146943,46.1806958,,
,Penobscot Reservation,99.02,99.02,35.25,0,99.67,99.67,99.67,99.67,0,0,0,0,3.11,0,0,0,,,,,,-68.697336,44.9551063,,
,Reno-Sparks Indian Colony,1.74,1.74,0,0,40.42,40.42,40.42,40.42,38.07,38.07,38.07,38.07,86.59,84.93,45.47,45.47,,,,,,-119.7619872,39.710767,,
,Red Cliff Reservation,83.04,83.04,47.65,0,92.55,92.55,92.55,92.55,0,0,0,0,0,0,0,0,,,,,,-90.9869646,46.9206903,,
,Elko Colony,100,100,0,0,0,0,0,0,0,0,0,0,100,30.83,30.83,0,,,,,,-115.765395,40.8506873,,
,Round Valley Reservation,0,0,0,0,0,0,0,0,0,0,0,0,0,0,0,0,,,,,,-123.1883707,39.8642196,,
,Fort McDermitt Indian Reservation,95.93,95.93,23.55,0,0,0,0,0,0,0,0,0,0.29,0,0,0,,,,,,-117.6584179,41.9557421,,
,Dresslerville Colony,99.69,0,0,0,99.69,99.69,99.69,99.69,0,0,0,0,0,0,0,0,,,,,,-119.7115698,38.9038028,,
,Tuscarora Nation Reservation,11.28,0,0,0,90.19,90.19,90.19,90.19,0,0,0,0,0,0,0,0,,,,,,-78.950865,43.1628827,,
,Soboba Reservation,93.15,11.68,0,0,0.62,0.62,0.62,0.62,92.68,92.68,92.68,92.68,94.55,94.55,94.55,94.55,,,,,,-116.8807172,33.77407,,
,Torres-Martinez Reservation,63.7,63.7,0,0,1.05,1.05,1.05,1.05,0,0,0,0,0,0,0,0,,,,,,-116.005312,33.3586824,,
,Grindstone Indian Rancheria,0,0,0,0,0,0,0,0,0,0,0,0,0,0,0,0,,,,,,-122.5176082,39.672688,,
,Blackfeet Indian Reservation,66.08,65.53,43.86,0,1.89,1.89,1.89,1.89,14.33,14.33,14.33,3.32,11.75,10.19,0,0,,,,,,-112.8912475,48.6512884,,
,Sandia Pueblo,70.03,69.42,36.83,16.75,86.77,86.77,86.77,86.77,0,0,0,0,100,100,100,0,,,,,,-106.5244661,35.2428137,,
,Kickapoo (KS) Reservation,65.27,62.37,2.35,0,43.54,43.54,43.54,0,39.11,39.11,39.11,27.89,83.11,34.71,5.93,0,,,,,,-95.6109266,39.6746481,,
,Sac and Fox/Meskwaki Settlement,87.78,78.03,50.16,8.04,45.02,45.02,45.02,43.09,0,0,0,0,2.89,2.89,2.89,0,,,,,,-92.6498237,41.9804556,,
,Big Sandy Rancheria,100,100,100,0,0,0,0,0,0,0,0,0,100,100,100,0,,,,,,-119.4643703,37.0830494,,
,Eastern Cherokee Reservation,77.3,77.3,0,0,2.36,2.36,2.36,1.17,0,0,0,0,0.41,0,0,0,,,,,,-83.3850449,35.4668421,,
,Oneida (WI) Reservation,89.31,89.31,87.3,34.22,92.64,92.64,92.64,92.64,4.87,4.87,4.87,4.87,3.13,3.13,0,0,,,,,,-88.199731,44.4895868,,
,Chehalis Reservation,1.18,1.18,0,0,90.71,90.71,90.71,90.71,0,0,0,0,0,0,0,0,,,,,,-123.206336,46.81855,,
,Quinault Reservation,22.04,22.04,0,0,0,0,0,0,0,0,0,0,0,0,0,0,,,,,,-124.1403664,47.4191801,,
,Squaxin Island Reservation,88.81,86.64,80.87,0,0,0,0,0,92.06,92.06,92.06,92.06,0,0,0,0,,,,,,-122.9109776,47.1899402,,
,Twenty-Nine Palms Reservation,12.5,12.5,0,0,12.5,12.5,12.5,12.5,0,0,0,0,0,0,0,0,,,,,,-116.1877255,33.7105952,,
,St. Croix Reservation,72.29,50.32,10.03,0,0,0,0,0,70.86,70.86,70.86,29.46,99.04,99.04,13.22,13.22,,,,,,-92.2750353,45.5227421,,
,Campbell Ranch,0,0,0,0,0,0,0,0,0,0,0,0,94.32,0,0,0,,,,,,-119.2082426,39.0781955,,
,Goshute Reservation,63.35,63.35,0,0,0,0,0,0,40.27,40.27,40.27,40.27,63.35,63.35,0,0,,,,,,-114.0740693,39.8689689,,
,Cow Creek Reservation,94.64,93.75,12.5,0,83.93,83.93,83.93,83.93,98.21,98.21,98.21,98.21,0,0,0,0,,,,,,-123.252931,42.938978,,
,Viejas Reservation,37.34,37.34,0,0,0,0,0,0,0,0,0,0,100,100,0.4,0.4,,,,,,-116.6925566,32.8501458,,
,Flandreau Reservation,0,0,0,0,53.83,53.83,53.83,53.83,53.83,53.83,53.83,53.83,33.73,3.83,3.83,0,,,,,,-96.5896926,44.0839627,,
,Hassanamisco (state) Reservation,,,,,,,,,,,,,,,,,,,,,,-71.7044957,42.2120115,,
,Ontonagon Reservation,0,0,0,0,,,,,,,,,0,0,0,0,,,,,,-89.1032367,46.9739525,,
,Sauk-Suiattle Reservation,0,0,0,0,0,0,0,0,0,0,0,0,0,0,0,0,,,,,,-121.5485564,48.3201994,,
,Swinomish Reservation,68.26,34.17,0,0,95.63,95.63,95.63,89.6,0.15,0.15,0.15,0.15,66.82,66.82,66.82,0,,,,,,-122.5363955,48.4154021,,
,Big Bend Rancheria,100,100,0,0,0,0,0,0,0,0,0,0,0,0,0,0,,,,,,-121.9188956,41.0264206,,
,Montgomery Creek Rancheria,0,0,0,0,0,0,0,0,0,0,0,0,0,0,0,0,,,,,,-121.9156583,40.8341874,,
,Jackson Rancheria,25,25,25,0,100,100,100,0,100,100,100,75,75,75,75,0,,,,,,-120.7226269,38.3848659,,
,Northern Cheyenne Indian Reservation,94.64,91.85,65.63,2.66,0,0,0,0,3.36,3.36,3.36,3.36,76.46,0,0,0,,,,,,-106.6764074,45.5507954,,
,Cattaraugus Reservation,14.99,14.99,0,0,28.69,28.69,28.69,28.69,0,0,0,0,75.94,75.94,0,0,,,,,,-79.0098329,42.5382425,,
,Tonawanda Reservation,3.09,0,0,0,12.74,12.74,12.74,12.74,0,0,0,0,0,0,0,0,,,,,,-78.4528841,43.0741274,,
,Tule River Reservation,26.36,26.36,26.36,0,0,0,0,0,0,0,0,0,69.1,69.1,69.1,0,,,,,,-118.7302038,36.0453445,,
,Wind River Reservation,49.12,44.53,3.61,0,49.92,49.92,49.92,49.92,4.43,4.43,4.43,4.43,97.8,81.12,63.98,2.16,,,,,,-108.8444961,43.2723824,,
,Winnebago Reservation,38.62,37.74,28.58,5.36,8.67,8.67,8.67,8.67,0,0,0,0,99.15,1.16,0,0,,,,,,-96.5961019,42.2256269,,
,Huron Potawatomi Reservation,0,0,0,0,0,0,0,0,0,0,0,0,100,100,0,0,,,,,,-85.2614067,42.1048867,,
,Jamestown S'Klallam Reservation,0,0,0,0,,,,,,,,,0,0,0,0,,,,,,-123.011053,48.0223727,,
,Ho-Chunk Nation Reservation,83.64,83.64,23.6,0,0.23,0.23,0.23,0.23,30.02,30.02,30.02,30.02,36.21,21.5,0,0,,,,,,-89.7554369,43.3630413,,
,Ramona Village,0,0,0,0,0,0,0,0,0,0,0,0,100,100,100,100,,,,,,-116.7029379,33.606358,,
,Upper Skagit Reservation,99.15,99.15,0,0,0,0,0,0,97.46,97.46,97.46,97.46,0,0,0,0,,,,,,-122.1922054,48.5398501,,
,MOWA Choctaw (state) Reservation,,,,,,,,,,,,,,,,,,,,,,-88.0534169,31.1520676,,
,Acoma Pueblo,42.16,41.51,33.98,0,0,0,0,0,0,0,0,0,3.85,3.85,0,0,,,,,,-107.6888783,34.8667707,,
,Jena Band of Choctaw Reservation,0,0,0,0,,,,,,,,,0,0,0,0,,,,,,-92.4978241,31.4381024,,
,Lake Traverse Reservation,36.39,36,18.1,0,0.26,0.26,0.26,0.26,73.61,73.61,73.61,73.61,8.03,1.28,0,0,,,,,,-97.0923712,45.6436354,,
,South Fork Reservation,0,0,0,0,0,0,0,0,0,0,0,0,100,0,0,0,,,,,,-115.6099838,40.5853874,,
,Wells Colony,100,100,0,0,0,0,0,0,0,0,0,0,0,0,0,0,,,,,,-114.9790166,41.1170163,,
,Santa Ynez Reservation,7.72,0,0,0,98.66,98.66,98.66,98.66,0,0,0,0,0,0,0,0,,,,,,-120.0914175,34.6027327,,
,Pyramid Lake Paiute Reservation,2.51,2.51,0,0,38.25,38.25,38.25,38.25,0,0,0,0,81.9,0,0,0,,,,,,-119.4921349,40.0331031,,
,Yerington Colony,100,100,0,0,100,100,100,100,0,0,0,0,0,0,0,0,,,,,,-119.170909,38.9808449,,
,Skokomish Reservation,30.12,1.1,0,0,98.78,98.78,98.78,0,76.83,76.83,76.83,76.83,0,0,0,0,,,,,,-123.1575681,47.3333185,,
,Lower Elwha Reservation,84.35,84.35,84.08,0,0,0,0,0,0,0,0,0,0,0,0,0,,,,,,-123.558528,48.1468452,,
,Makah Indian Reservation,34.91,34.91,1.07,0,0,0,0,0,0,0,0,0,0,0,0,0,,,,,,-124.635404,48.3338551,,
,Quileute Reservation,6.83,6.83,0,0,0,0,0,0,0,0,0,0,0,0,0,0,,,,,,-124.6218128,47.9064025,,
,Fallon Paiute-Shoshone Colony,3.85,3.85,0,0,100,100,100,100,3.85,3.85,3.85,3.85,100,0,0,0,,,,,,-118.7606917,39.4848624,,
,Grand Portage Reservation,83.94,83.94,0,0,0,0,0,0,0,0,0,0,0,0,0,0,,,,,,-89.737133,47.9652885,,
,Hannahville Indian Community,1.54,1.54,0,0,85.85,85.85,85.85,85.85,0,0,0,0,0,0,0,0,,,,,,-87.4333443,45.7794306,,
,Mohegan Off-Reservation Trust Land,87.21,87.21,0,0,93.11,93.11,93.11,93.11,0,0,0,0,0,0,0,0,,,,,,-72.0860882,41.4977785,,
,Fallon Paiute-Shoshone (Reservation) Off-Reservation Trust Land,0,0,0,0,,,,,,,,,0,0,0,0,,,,,,-118.5794796,39.5228627,,
,Manzanita Off-Reservation Trust Land,0,0,0,0,,,,,,,,,0,0,0,0,,,,,,-116.3779141,32.7493206,,
,Isabella Off-Reservation Trust Land,17.02,17.02,0,0,95.74,95.74,95.74,95.74,0,0,0,0,57.45,57.45,17.02,0,,,,,,-83.9214988,43.9267711,,
,Pojoaque Off-Reservation Trust Land,87.73,87.73,82.27,0,82.27,82.27,82.27,82.27,82.27,82.27,82.27,0,100,100,87.73,0,,,,,,-106.0756567,35.5904911,,
,Rosebud Off-Reservation Trust Land,83.64,81.53,3.25,0,25.51,25.51,25.51,0,44.77,44.77,44.77,44.06,0,0,0,0,,,,,,-100.5040815,43.5335377,,
,Spokane Off-Reservation Trust Land,85.71,85.71,0,0,85.71,85.71,85.71,85.71,0,0,0,0,100,100,100,0,,,,,,-117.6101377,47.6478262,,
,"Coos, Lower Umpqua, and Siuslaw Off-Reservation Trust Land",97.96,8.16,0,0,100,100,100,100,100,100,100,100,0,0,0,0,,,,,,-124.0865947,43.9811379,,
,Pascua Pueblo Yaqui Off-Reservation Trust Land,57.87,57.87,34.49,0,97.22,97.22,97.22,97.22,0,0,0,0,100,100,100,0,,,,,,-111.0783671,32.1182894,,
,Berry Creek Off-Reservation Trust Land,0,0,0,0,100,100,100,100,0,0,0,0,62.91,62.91,0,0,,,,,,-121.5044493,39.50237,,
,Enterprise Off-Reservation Trust Land,0,0,0,0,,,,,,,,,0,0,0,0,,,,,,-121.512795,39.0507071,,
,Shakopee Mdewakanton Sioux Off-Reservation Trust Land,75.21,75.21,61.29,21.05,54.33,54.33,54.33,54.33,46.69,46.69,46.69,46.69,67.57,0,0,0,,,,,,-93.4468799,44.7622226,,
,L'Anse Off-Reservation Trust Land,16.06,16.06,0,0,100,100,100,100,0,0,0,0,0,0,0,0,,,,,,-88.4294625,46.7397585,,
,Mississippi Choctaw Off-Reservation Trust Land,0,0,0,0,0,0,0,0,0,0,0,0,45,45,0,0,,,,,,-89.26921,32.8008029,,
,Ute Mountain Off-Reservation Trust Land,0,0,0,0,0,0,0,0,0,0,0,0,87.5,87.5,0,0,,,,,,-109.6621365,37.7237779,,
,Shoalwater Bay Off-Reservation Trust Land,0,0,0,0,85.71,85.71,85.71,85.71,0,0,0,0,0,0,0,0,,,,,,-124.0272977,46.7335568,,
,Sherwood Valley Off-Reservation Trust Land,0,0,0,0,100,100,100,100,0,0,0,0,100,100,0,0,,,,,,-123.3057067,39.4017946,,
,San Pasqual Off-Reservation Trust Land,0,0,0,0,0,0,0,0,0,0,0,0,100,100,100,100,,,,,,-116.9995924,33.1859817,,
,Mooretown Off-Reservation Trust Land,0,0,0,0,92.98,92.98,92.98,92.98,0,0,0,0,68.42,68.42,0,0,,,,,,-121.5187736,39.4696161,,
,Little Traverse Bay Off-Reservation Trust Land,0,0,0,0,100,100,100,100,0,0,0,0,100,100,100,0,,,,,,-84.8109028,45.6984864,,
,Miccosukee Off-Reservation Trust Land,0,0,0,0,0,0,0,0,0,0,0,0,9.09,9.09,9.09,9.09,,,,,,-81.0895302,26.3086679,,
,Iowa (KS-NE) Off-Reservation Trust Land,0,0,0,0,,,,,,,,,0,0,0,0,,,,,,-95.3821528,39.9689356,,
,Sac and Fox Nation Off-Reservation Trust Land,100,100,0,0,0,0,0,0,100,100,100,0,100,100,0,0,,,,,,-95.739785,39.716688,,
,Yavapai-Apache Nation Off-Reservation Trust Land,85.13,85.13,85.13,0,85.13,85.13,85.13,85.13,0,0,0,0,85.13,85.13,85.13,0,,,,,,-111.9199476,34.6301233,,
,Ysleta del Sur Off-Reservation Trust Land,0,0,0,0,98.35,98.35,98.35,98.35,0,0,0,0,95.66,95.66,95.66,0,,,,,,-106.0178839,31.9080703,,
,Robinson Off-Reservation Trust Land,0,0,0,0,100,100,100,100,0,0,0,0,100,100,0,0,,,,,,-122.9376294,39.0522254,,
,Zia Off-Reservation Trust Land,0,0,0,0,0,0,0,0,0,0,0,0,100,0,0,0,,,,,,-106.7979062,35.4955698,,
,Warm Springs Off-Reservation Trust Land,0,0,0,0,0,0,0,0,0,0,0,0,0,0,0,0,,,,,,-120.4786283,45.6510177,,
,North Fork Off-Reservation Trust Land,100,100,20.37,0,0,0,0,0,0,0,0,0,100,100,100,0,,,,,,-119.480573,37.227745,,
,Picayune Off-Reservation Trust Land,88.24,88.24,17.65,0,0,0,0,0,0,0,0,0,100,100,100,0,,,,,,-119.7017353,37.2110723,,
,Timbi-Sha Shoshone Off-Reservation Trust Land,0,0,0,0,0,0,0,0,0,0,0,0,0,0,0,0,,,,,,-116.8702569,36.4479352,,
,Blue Lake Off-Reservation Trust Land,0,0,0,0,0,0,0,0,0,0,0,0,100,100,0,0,,,,,,-124.0023855,40.8844783,,
,Benton Paiute Off-Reservation Trust Land,0,0,0,0,0,0,0,0,100,100,100,100,0,0,0,0,,,,,,-118.5227406,37.786522,,
,Bridgeport Off-Reservation Trust Land,0,0,0,0,,,,,,,,,0,0,0,0,,,,,,-119.2198381,38.2666833,,
,Coconut Creek Trust Land,0,0,0,0,0,0,0,0,0,0,0,0,0,0,0,0,,,,,,-80.1998564,26.2775722,,
,Seminole (FL) Trust Land,100,100,100,0,0,0,0,0,72.73,72.73,72.73,72.73,0,0,0,0,,,,,,-80.2018882,26.1039622,,
,Nambe Off-Reservation Trust Land,0,0,0,0,,,,,,,,,0,0,0,0,,,,,,-105.8237406,35.8511117,,
,San Ildefonso Off-Reservation Trust Land,0,0,0,0,0,0,0,0,0,0,0,0,100,100,0,0,,,,,,-106.2165669,35.8813218,,
,Santa Clara Off-Reservation Trust Land,0,0,0,0,,,,,,,,,0,0,0,0,,,,,,-106.229796,35.9590407,,
,Tohono O'odham Nation Off-Reservation Trust Land,100,100,0,0,0,0,0,0,0,0,0,0,0,0,0,0,,,,,,-112.718679,32.9637862,,
,Grand Traverse Off-Reservation Trust Land,9.48,9.48,0,0,90.85,90.85,90.85,90.85,0,0,0,0,88.4,88.4,84.8,0,,,,,,-85.6130829,45.0326809,,
,Little River Off-Reservation Trust Land,0,0,0,0,100,100,100,100,0,0,0,0,0,0,0,0,,,,,,-86.2383692,43.942385,,
,Ponca (NE) Trust Land,0,0,0,0,0,0,0,0,0,0,0,0,0,0,0,0,,,,,,-98.0868614,42.712309,,
,Grand Ronde Off-Reservation Trust Land,0,0,0,0,,,,,,,,,0,0,0,0,,,,,,-123.6235964,45.0731897,,
,Port Gamble Off-Reservation Trust Land,0,0,0,0,,,,,,,,,0,0,0,0,,,,,,-122.5377638,47.8364685,,
,Quartz Valley Off-Reservation Trust Land,84.29,84.29,0,0,0,0,0,0,0,0,0,0,0,0,0,0,,,,,,-122.9798801,41.5908638,,
,Tonto Apache Off-Reservation Trust Land,0,0,0,0,,,,,,,,,0,0,0,0,,,,,,-111.3208172,34.2210873,,
,Dry Creek Off-Reservation Trust Land,0,0,0,0,,,,,,,,,0,0,0,0,,,,,,-122.86064,38.7008979,,
,Stewarts Point Off-Reservation Trust Land,0,0,0,0,,,,,,,,,0,0,0,0,,,,,,-123.3267934,38.6515864,,
,Match-e-be-nash-she-wish Band of Pottawatomi Off-Reservation Trust Land,0,0,0,0,,,,,,,,,0,0,0,0,,,,,,-85.6575021,42.6414191,,
,Fort Mojave Off-Reservation Trust Land,97.76,97.76,0,0,0,0,0,0,0,0,0,0,0,0,0,0,,,,,,-114.6158249,34.8519398,,
,Smith River Off-Reservation Trust Land,0,0,0,0,100,100,100,100,0,0,0,0,0,0,0,0,,,,,,-124.2019869,41.9524685,,
,Pit River Trust Land,0,0,0,0,0,0,0,0,0,0,0,0,0,0,0,0,,,,,,-121.6766765,40.8644653,,
,Chicken Ranch Off-Reservation Trust Land,0,0,0,0,,,,,,,,,0,0,0,0,,,,,,-120.4489648,37.9274052,,
,Big Pine Off-Reservation Trust Land,0,0,0,0,,,,,,,,,0,0,0,0,,,,,,-118.2770619,37.1669746,,
,Laguna Off-Reservation Trust Land,0,0,0,0,0,0,0,0,0,0,0,0,66.67,66.67,0,0,,,,,,-107.4743161,35.2656107,,
,Navajo Nation Off-Reservation Trust Land,39.31,33.71,14.33,0,0.21,0.21,0.21,0.21,0,0,0,0,35.85,21.31,9.78,0.95,,,,,,-108.1737616,35.7798707,,
,Summit Lake Off-Reservation Trust Land,0,0,0,0,,,,,,,,,0,0,0,0,,,,,,-119.1000244,41.5080753,,
,Forest County Potawatomi Off-Reservation Trust Land,98.25,98.25,52.63,0,54.39,54.39,54.39,54.39,0,0,0,0,0,0,0,0,,,,,,-88.6593229,45.466848,,
,Sokaogon Chippewa Off-Reservation Trust Land,50,50,0,0,0,0,0,0,0,0,0,0,0,0,0,0,,,,,,-88.994654,45.5091079,,
,Fort Belknap Off-Reservation Trust Land,0,0,0,0,0,0,0,0,100,100,100,100,0,0,0,0,,,,,,-108.9625741,48.0787111,,
,Leech Lake Off-Reservation Trust Land,0,0,0,0,,,,,,,,,0,0,0,0,,,,,,-93.9461104,47.2707196,,
,White Earth Off-Reservation Trust Land,0,0,0,0,0,0,0,0,100,100,100,100,0,0,0,0,,,,,,-95.3108266,47.1557752,,
,Wampanoag-Aquinnah Trust Land,0,0,0,0,97.33,97.33,97.33,97.33,0,0,0,0,0,0,0,0,,,,,,-70.7862702,41.3464552,,
,Cheyenne River Off-Reservation Trust Land,0,0,0,0,0,0,0,0,0,0,0,0,0,0,0,0,,,,,,-100.4358607,44.2826944,,
,Hoh Off-Reservation Trust Land,0,0,0,0,,,,,,,,,0,0,0,0,,,,,,-124.396328,47.7350914,,
,Kootenai Off-Reservation Trust Land,12.5,12.5,0,0,12.5,12.5,12.5,0,12.5,12.5,12.5,12.5,100,100,100,0,,,,,,-116.3766336,48.8267844,,
,Celilo Village,87.34,87.34,0,0,0,0,0,0,0,0,0,0,0,0,0,0,,,,,,-120.9662614,45.6445947,,
,Crow Off-Reservation Trust Land,75,75,67.86,0,0,0,0,0,0,0,0,0,100,100,100,0,,,,,,-107.0170748,45.2038188,,
,Menominee Off-Reservation Trust Land,100,100,0,0,6.1,6.1,6.1,6.1,0,0,0,0,92.28,92.28,78.46,0,,,,,,-88.7430657,44.9336076,,
,Karuk Off-Reservation Trust Land,3.7,3.7,0,0,51.16,51.16,51.16,51.16,60.88,60.88,60.88,4.17,70.83,70.83,0,0,,,,,,-123.3584261,41.8040513,,
,Trinidad Off-Reservation Trust Land,0,0,0,0,72.22,72.22,72.22,72.22,0,0,0,0,90.28,90.28,0,0,,,,,,-124.0900318,40.9804378,,
,Bois Forte Off-Reservation Trust Land,100,100,0,0,0,0,0,0,0,0,0,0,0,0,0,0,,,,,,-92.3570092,47.8243669,,
,Fond du Lac Off-Reservation Trust Land,60,60,60,0,0,0,0,0,0,0,0,0,0,0,0,0,,,,,,-91.7945333,46.3545303,,
,Stockbridge Munsee Off-Reservation Trust Land,90.74,90.74,0,0,0,0,0,0,0,0,0,0,90.74,90.74,90.74,0,,,,,,-88.8977207,44.863446,,
,Kalispel Off-Reservation Trust Land,0,0,0,0,4.65,4.65,4.65,4.65,4.65,4.65,4.65,4.65,100,100,100,93.02,,,,,,-117.3083344,48.4036562,,
,Coushatta Off-Reservation Trust Land,88.06,88.06,0,0,100,100,100,100,0,0,0,0,0,0,0,0,,,,,,-92.8168309,30.5447486,,
,Susanville Off-Reservation Trust Land,53.78,53.78,0,0,53.78,53.78,0,0,71.43,71.43,71.43,0,99.58,99.58,64.29,0,,,,,,-120.6171773,40.4477702,,
,Mashantucket Pequot Off-Reservation Trust Land,0,0,0,0,100,100,100,100,0,0,0,0,0,0,0,0,,,,,,-71.9726006,41.4509924,,
,San Manuel Off-Reservation Trust Land,29.17,29.17,29.17,0,100,100,100,100,0,0,0,0,100,100,100,100,,,,,,-117.211312,34.148105,,
,Barona Off-Reservation Trust Land,0,0,0,0,0,0,0,0,0,0,0,0,100,100,100,100,,,,,,-116.8393,32.939633,,
,Lower Brule Off-Reservation Trust Land,0,0,0,0,0,0,0,0,0,0,0,0,100,100,100,0,,,,,,-100.1748756,44.1846184,,
,Jicarilla Apache Nation Off-Reservation Trust Land,0,0,0,0,0,0,0,0,0,0,0,0,91.67,0,0,0,,,,,,-106.4958643,36.8748125,,
,Shingle Springs Off-Reservation Trust Land,0,0,0,0,,,,,,,,,0,0,0,0,,,,,,-120.912919,38.6796433,,
,Alabama-Coushatta Off-Reservation Trust Land,88.06,88.06,0,0,88.06,88.06,0,0,0,0,0,0,0,0,0,0,,,,,,-94.6550195,30.7091809,,
,Rocky Boy's Off-Reservation Trust Land,0,0,0,0,0,0,0,0,97.71,97.71,97.71,97.71,65.25,65.25,0,0,,,,,,-109.9024006,48.322586,,
,Maricopa (Ak Chin) Off-Reservation Trust Land,0,0,0,0,0,0,0,0,0,0,0,0,100,100,0,0,,,,,,-112.0859255,33.0818481,,
,Tunica-Biloxi Off-Reservation Trust Land,0,0,0,0,69.23,69.23,0,0,0,0,0,0,0,0,0,0,,,,,,-92.052637,31.1012691,,
,Rincon Off-Reservation Trust Land,0,0,0,0,0,0,0,0,0,0,0,0,100,100,100,100,,,,,,-116.9358708,33.2628402,,
,Lac Courte Oreilles Off-Reservation Trust Land,100,100,0,0,100,100,55.56,55.56,44.44,44.44,44.44,0,44.44,44.44,0,0,,,,,,-91.3748928,45.990898,,
,Upper Sioux Off-Reservation Trust Land,0,0,0,0,0,0,0,0,0,0,0,0,100,100,100,0,,,,,,-95.5370172,44.7667518,,
,Taos Off-Reservation Trust Land,19.3,15.79,15.79,0,31.58,31.58,31.58,0,54.39,54.39,54.39,54.39,100,100,0,0,,,,,,-105.5963598,36.422933,,
,Kickapoo (TX) Off-Reservation Trust Land,0,0,0,0,,,,,0,0,0,0,0,0,0,0,,,,,,-100.4346571,28.6124041,,
,Mille Lacs Off-Reservation Trust Land,58.11,58.11,39.86,0,58.11,58.11,39.86,0,6.08,6.08,0,0,0,0,0,0,,,,,,-92.5342672,46.0066879,,
,Guidiville Off-Reservation Trust Land,0,0,0,0,,,,,,,,,0,0,0,0,,,,,,-123.1485017,39.1390444,,
,Minnesota Chippewa Trust Land,25,25,0,0,25,25,0,0,100,100,100,100,0,0,0,0,,,,,,-94.0369818,46.9891248,,
,Umatilla Off-Reservation Trust Land,0,0,0,0,85.29,85.29,85.29,85.29,0,0,0,0,100,100,0,0,,,,,,-119.2448199,45.9055237,,
,Battle Mountain Off-Reservation Trust Land,0,0,0,0,,,,,,,,,0,0,0,0,,,,,,-116.9644654,40.6523366,,
,Fort Peck Off-Reservation Trust Land,0,0,0,0,,,,,,,,,0,0,0,0,,,,,,-104.5976776,48.1448401,,
,Fort Bidwell Off-Reservation Trust Land,0,0,0,0,,,,,,,,,0,0,0,0,,,,,,-120.1765309,41.8469906,,
,Prairie Island Off-Reservation Trust Land,0,0,0,0,0.48,0.48,0.48,0.48,0,0,0,0,100,100,100,0,,,,,,-92.6847677,44.6458515,,
,Pokagon Off-Reservation Trust Land,63.13,63.13,0,0,88.38,88.38,88.38,88.38,72.22,72.22,72.22,72.22,25.25,25.25,25.25,0,,,,,,-86.1791036,41.9406197,,
,Hopi Off-Reservation Trust Land,1.25,1.25,0,0,1.25,1.25,0,0,0,0,0,0,0,0,0,0,,,,,,-110.7484498,35.0346911,,
,Hualapai Off-Reservation Trust Land,0,0,0,0,0,0,0,0,0,0,0,0,0,0,0,0,,,,,,-113.8892355,35.6875125,,
,Muckleshoot Off-Reservation Trust Land,74.29,74.29,11.43,0,100,100,100,88.57,0,0,0,0,0,0,0,0,,,,,,-122.1357533,47.2633042,,
,Puyallup Off-Reservation Trust Land,0,0,0,0,100,100,100,100,0,0,0,0,0,0,0,0,,,,,,-122.3924207,47.2807017,,
,Stillaguamish Off-Reservation Trust Land,66.67,19.05,0,0,66.67,19.05,0,0,19.05,19.05,19.05,19.05,0,0,0,0,,,,,,-122.1868671,48.212767,,
,Tulalip Off-Reservation Trust Land,100,0,0,0,100,100,100,100,0,0,0,0,0,0,0,0,,,,,,-122.1805512,48.096906,,
,Fort Hall Off-Reservation Trust Land,0,0,0,0,,,,,,,,,0,0,0,0,,,,,,-111.9661985,42.9014394,,
,Bay Mills Off-Reservation Trust Land,0,0,0,0,,,,,,,,,0,0,0,0,,,,,,-84.7270674,46.4598643,,
,Cedarville Off-Reservation Trust Land,0,0,0,0,0,0,0,0,0,0,0,0,0,0,0,0,,,,,,-120.1819883,41.5279371,,
,Auburn Off-Reservation Trust Land,0,0,0,0,0,0,0,0,0,0,0,0,100,100,100,0,,,,,,-121.3243839,39.0228755,,
,Sault Ste. Marie Off-Reservation Trust Land,22.11,22.11,4.18,0,96.31,96.31,96.31,92.13,0,0,0,0,0,0,0,0,,,,,,-84.4505137,46.2762117,,
,Burns Paiute Off-Reservation Trust Land,0,0,0,0,0,0,0,0,0,0,0,0,66.67,66.67,0,0,,,,,,-118.7912419,43.5472187,,
,Nooksack Off-Reservation Trust Land,67.31,41.61,0,0,71.97,71.58,55,55,0,0,0,0,60.14,60.14,60.14,0,,,,,,-122.1876849,48.8067676,,
,Tesuque Off-Reservation Trust Land,0,0,0,0,,,,,,,,,0,0,0,0,,,,,,-105.8309448,35.8040969,,
,Sycuan Off-Reservation Trust Land,1.27,1.27,0,0,91.37,91.37,77.92,77.92,0,0,0,0,100,100,98.73,98.73,,,,,,-116.8534736,32.7810641,,
,Colville Off-Reservation Trust Land,100,100,0,0,100,100,0,0,0,0,0,0,100,100,0,0,,,,,,-120.1348282,47.8835045,,
,Morongo Off-Reservation Trust Land,0,0,0,0,0,0,0,0,0,0,0,0,0,0,0,0,,,,,,-116.7958957,33.9015378,,
,Turtle Mountain Off-Reservation Trust Land,72.92,72.92,0.04,0,73.07,73.07,0.18,0.15,87.71,87.71,87.71,87.71,1.57,1.57,0,0,,,,,,-98.0651554,48.8948505,,
,Poarch Creek Off-Reservation Trust Land,100,100,0,0,100,100,73.95,73.95,0,0,0,0,0,0,0,0,,,,,,-87.5635737,31.0988925,,
,Agua Caliente Off-Reservation Trust Land,0,0,0,0,100,100,100,100,0,0,0,0,0,0,0,0,,,,,,-116.5647651,33.7417102,,
,Siletz Off-Reservation Trust Land,65.5,65.5,0,0,98.83,98.83,61.4,33.92,0,0,0,0,1.17,1.17,1.17,0,,,,,,-123.9947464,44.811594,,
,Zuni Off-Reservation Trust Land,0,0,0,0,0,0,0,0,0,0,0,0,0,0,0,0,,,,,,-108.9296764,34.7573,,
,Uintah and Ouray Off-Reservation Trust Land,0,0,0,0,,,,,,,,,0,0,0,0,,,,,,-111.0894621,39.5899074,,
,Washoe Ranches Trust Land,88.12,88.12,0,0,27.56,27.56,27.56,27.56,0,0,0,0,68.63,68.63,6.5,6.5,,,,,,-119.5646027,38.8740416,,
,Elk Valley Off-Reservation Trust Land,0,0,0,0,100,100,100,100,0,0,0,0,0,0,0,0,,,,,,-124.1473568,41.760397,,
,Passamaquoddy Trust Land,0,0,0,0,0,0,0,0,0,0,0,0,0,0,0,0,,,,,,-67.771075,44.799093,,
,Yakama Nation Off-Reservation Trust Land,37.8,37.8,0,0,0,0,0,0,0,0,0,0,13.41,13.41,13.41,13.41,,,,,,-119.919398,45.867546,,
,Houlton Maliseet Off-Reservation Trust Land,100,100,44.83,0,6.9,6.9,6.9,6.9,6.9,6.9,6.9,6.9,0,0,0,0,,,,,,-67.8059408,46.1888323,,
,Penobscot Off-Reservation Trust Land,36.36,36.36,0,0,0,0,0,0,0,0,0,0,0,0,0,0,,,,,,-68.1399445,45.3143117,,
,Reno-Sparks Off-Reservation Trust Land,0,0,0,0,100,100,100,100,0,0,0,0,100,100,0,0,,,,,,-119.7592591,39.4285253,,
,Red Cliff Off-Reservation Trust Land,0,0,0,0,,,,,,,,,0,0,0,0,,,,,,-90.8048047,46.886416,,
,Round Valley Off-Reservation Trust Land,0,0,0,0,0,0,0,0,0,0,0,0,0,0,0,0,,,,,,-123.3690551,39.893949,,
,Soboba Off-Reservation Trust Land,0,0,0,0,95.77,95.77,95.77,95.77,95.77,95.77,95.77,95.77,95.77,95.77,95.77,95.77,,,,,,-116.8519432,33.7853233,,
,Blackfeet Off-Reservation Trust Land,0,0,0,0,0,0,0,0,0,0,0,0,0,0,0,0,,,,,,-112.8303259,48.1820186,,
,Sac and Fox/Meskwaki Off-Reservation Trust Land,89.47,89.47,0,0,0,0,0,0,0,0,0,0,0,0,0,0,,,,,,-92.6399909,41.9456282,,
,Big Sandy Off-Reservation Trust Land,0,0,0,0,,,,,,,,,0,0,0,0,,,,,,-119.4694894,37.0931332,,
,Oneida (WI) Off-Reservation Trust Land,100,100,100,0,0,0,0,0,0,0,0,0,0,0,0,0,,,,,,-88.2349554,44.5795654,,
,Chehalis Off-Reservation Trust Land,87.5,85.37,85.06,66.16,97.56,97.56,97.56,97.56,0,0,0,0,0,0,0,0,,,,,,-123.1647407,46.8242541,,
,Squaxin Island Off-Reservation Trust Land,9.66,9.66,0,0,7.39,7.39,7.39,7.39,93.18,93.18,93.18,93.18,0,0,0,0,,,,,,-123.1083148,47.1185262,,
,Twenty-Nine Palms Off-Reservation Trust Land,0,0,0,0,0,0,0,0,0,0,0,0,0,0,0,0,,,,,,-116.1797072,33.7122887,,
,St. Croix Off-Reservation Trust Land,69.66,69.66,0,0,0,0,0,0,100,100,100,2.76,85.52,85.52,82.76,82.76,,,,,,-92.3611669,46.0085942,,
,Cow Creek Off-Reservation Trust Land,44.07,44.07,0,0,52.54,52.54,52.54,52.54,57.63,57.63,57.63,57.63,0,0,0,0,,,,,,-122.907834,42.968074,,
,Aroostook Band of Micmac Trust Land,84.26,84.26,0,0,100,100,100,100,0,0,0,0,18.78,18.78,18.78,0,,,,,,-67.8873059,46.9202447,,
,Viejas Off-Reservation Trust Land,0,0,0,0,,,,,,,,,0,0,0,0,,,,,,-116.7052297,32.8597035,,
,Swinomish Off-Reservation Trust Land,0,0,0,0,,,,,,,,,0,0,0,0,,,,,,-122.4982552,48.3896283,,
,Northern Cheyenne Off-Reservation Trust Land,0,0,0,0,0,0,0,0,0,0,0,0,40,0,0,0,,,,,,-106.655006,45.3784418,,
,Tule River Off-Reservation Trust Land,0,0,0,0,0,0,0,0,0,0,0,0,100,100,100,0,,,,,,-118.8805008,36.0907593,,
,Wind River Off-Reservation Trust Land,0,0,0,0,0,0,0,0,44.44,44.44,44.44,44.44,0,0,0,0,,,,,,-108.5367073,43.7285375,,
,Winnebago Off-Reservation Trust Land,0,0,0,0,,,,,,,,,0,0,0,0,,,,,,-96.3710593,41.6874933,,
,Huron Potawatomi Off-Reservation Trust Land,0,0,0,,100,100,100,100,0,0,0,0,0,0,0,0,,,,,,-85.0748466,42.2964602,,
,Jamestown S'Klallam Off-Reservation Trust Land,31.58,31.58,0,0,0,0,0,0,0,0,0,0,0,0,0,0,,,,,,-123.1729692,48.1192669,,
,Ho-Chunk Nation Off-Reservation Trust Land,77.11,54.56,3.65,1.82,2.65,2.65,2.65,2.65,8.13,8.13,7.96,7.96,33.5,26.37,22.72,0,,,,,,-89.152124,44.8618259,,
,Upper Skagit Off-Reservation Trust Land,16.98,16.98,0,0,15.09,15.09,15.09,0,0,0,0,0,0,0,0,0,,,,,,-122.335435,48.5645357,,
,Acoma Off-Reservation Trust Land,0,0,0,0,0,0,0,0,0,0,0,0,0,0,0,0,,,,,,-107.677641,34.6058809,,
,Lake Traverse Off-Reservation Trust Land,100,100,100,0,0,0,0,0,0,0,0,0,100,100,0,0,,,,,,-96.8269157,45.9412132,,
,South Fork Off-Reservation Trust Land,0,0,0,0,0,0,0,0,0,0,0,0,81.82,0,0,0,,,,,,-115.7085604,40.7079777,,
,Skokomish Off-Reservation Trust Land,0,0,0,0,6.25,6.25,6.25,0,0,0,0,0,0,0,0,0,,,,,,-123.2170034,47.4660614,,
,Lower Elwha Off-Reservation Trust Land,63.1,62.7,45.16,0,0.81,0.81,0.81,0.81,0,0,0,0,0,0,0,0,,,,,,-123.5486176,48.1288436,,
,Fallon Paiute-Shoshone (Colony) Off-Reservation Trust Land,0,0,0,0,,,,,,,,,0,0,0,0,,,,,,-118.7713383,39.477243,,
,Grand Portage Off-Reservation Trust Land,0,0,0,0,,,,,,,,,0,0,0,0,,,,,,-89.871018,47.8867133,,
,Hannahville Off-Reservation Trust Land,0,0,0,0,92.73,92.73,92.73,92.73,0,0,0,0,0,0,0,0,,,,,,-87.3419917,45.6845313,,
,Mashpee Wampanoag Trust Land,0,0,0,0,100,100,100,100,100,100,100,100,0,0,0,0,,,,,,-70.4754432,41.6391083,,
,Princess Kahanu Estates Hawaiian Home Land,100,68.45,0,0,100,100,100,100,0,0,0,0,0,0,0,0,,,,,,-158.1570118,21.396611,,
,Kakaina-Kumuhau Hawaiian Home Land,0,0,0,0,100,100,100,100,0,0,0,0,0,0,0,0,,,,,,-157.7261571,21.3451595,,
,Kalaeloa Hawaiian Home Land,2.17,0,0,0,50,50,50,50,0,0,0,0,0,0,0,0,,,,,,-158.0810285,21.318311,,
,Kalawahine Hawaiian Home Land,92.42,90.91,0,0,98.79,98.79,98.79,98.79,90.91,90.91,90.91,90.91,0,0,0,0,,,,,,-157.835171,21.3163496,,
,Kawaihae Hawaiian Home Land,91.89,0,0,0,90.77,90.77,90.77,90.77,0,0,0,0,0,0,0,0,,,,,,-155.7975564,20.0728358,,
,Kealakehe Hawaiian Home Land,99.36,99.23,0,0,99.49,99.49,99.49,99.49,0,0,0,0,0,0,0,0,,,,,,-155.995565,19.6726813,,
,Keaukaha Hawaiian Home Land,93.01,1.96,0,0,99.75,99.75,99.75,99.75,2.94,2.94,0,0,0,0,0,0,,,,,,-155.0148246,19.7249138,,
,Keoniki Hawaiian Home Land,0,0,0,0,,,,,,,,,0,0,0,0,,,,,,-155.6966502,20.0389595,,
,East Kapolei Hawaiian Home Land,0,0,0,0,67.72,67.72,67.72,67.72,67.72,67.72,67.72,0,0,0,0,0,,,,,,-158.0438494,21.3499217,,
,Haiku Hawaiian Home Land,0,0,0,0,,,,,,,,,0,0,0,0,,,,,,-157.8271913,21.4059718,,
,Honokowai Hawaiian Home Land,0,0,0,0,4.76,4.76,4.76,4.76,1.19,1.19,1.19,1.19,0,0,0,0,,,,,,-156.666887,20.9459806,,
,Paukukalo Hawaiian Home Land,100,0,0,0,100,100,100,100,13.1,13.1,0,0,0,0,0,0,,,,,,-156.4927891,20.9067132,,
,Pulehunui Hawaiian Home Land,0,0,0,0,0,0,0,0,0,0,0,0,0,0,0,0,,,,,,-156.4634679,20.8127136,,
,South Maui Hawaiian Home Land,16.67,0,0,0,66.67,66.67,66.67,66.67,0,0,0,0,0,0,0,0,,,,,,-156.4207189,20.6030446,,
,Waiehu Hawaiian Home Land,88.25,78.85,0,0,100,100,100,100,95.89,95.89,88.55,6.68,0,0,0,0,,,,,,-156.5040169,20.9268192,,
,Leialii Hawaiian Home Land,86.57,0,0,0,99.14,99.14,99.14,99.14,95.43,95.43,95.43,0,0,0,0,0,,,,,,-156.6814239,20.9032678,,
,Makaha Valley Hawaiian Home Land,38.46,0,0,0,69.23,69.23,69.23,69.23,0,0,0,0,0,0,0,0,,,,,,-158.1947839,21.473136,,
,Maluohai Hawaiian Home Land,100,100,0,0,100,100,100,100,17.25,17.25,0,0,0,0,0,0,,,,,,-158.0683574,21.3310163,,
,Maili Hawaiian Home Land,0,0,0,0,100,100,100,100,0,0,0,0,0,0,0,0,,,,,,-158.1700624,21.4128958,,
,Pearl City Hawaiian Home Land,97.12,0,0,0,100,100,100,100,2.88,2.88,2.88,2.88,0,0,0,0,,,,,,-157.9789914,21.4039944,,
,Piihonua Hawaiian Home Land,3.16,0,0,0,0,0,0,0,0,0,0,0,0,0,0,0,,,,,,-155.1061986,19.7155547,,
,Ponohawaii Hawaiian Home Land,61.9,0,0,0,100,100,100,100,0,0,0,0,0,0,0,0,,,,,,-155.0852849,19.7062724,,
,Kanehili Hawaiian Home Land,0,0,0,0,100,100,100,100,100,100,100,0,100,0,0,0,,,,,,-158.0554945,21.3410978,,
,Anahola (Residential) Hawaiian Home Land,78.37,21.92,0,0,83.32,83.32,83.32,83.32,1.22,1.22,0,0,0,0,0,0,,,,,,-159.332381,22.1351745,,
,Hanapepe Hawaiian Home Land,0,0,0,0,100,100,100,100,0,0,0,0,0,0,0,0,,,,,,-159.5957766,21.9158321,,
,Kapaa Hawaiian Home Land,0,0,0,0,100,100,100,100,0,0,0,0,0,0,0,0,,,,,,-159.3176968,22.0778462,,
,Kekaha Hawaiian Home Land,89.76,47.99,0,0,89.76,89.76,89.76,89.76,41.16,41.16,37.95,0,0,0,0,0,,,,,,-159.7201095,21.9719113,,
,Kaupea Hawaiian Home Land,74.26,0,0,0,100,100,100,100,96.96,96.96,96.96,12.8,0,0,0,0,,,,,,-158.0619001,21.3293499,,
,Keahuolu Hawaiian Home Land,0,0,0,0,100,100,100,100,0,0,0,0,0,0,0,0,,,,,,-155.9842501,19.6624986,,
,Waiahole Hawaiian Home Land,0,0,0,0,50,50,50,50,38.24,38.24,38.24,38.24,0,0,0,0,,,,,,-157.8655241,21.4848609,,
,Waiku-Hana Hawaiian Home Land,0,0,0,0,100,100,100,100,0,0,0,0,0,0,0,0,,,,,,-156.0131566,20.7742294,,
,Waianae Kai Hawaiian Home Land,100,77.03,0,0,100,100,100,100,0,0,0,0,0,0,0,0,,,,,,-158.1770426,21.4385133,,
,Upolu Hawaiian Home Land,0,0,0,0,0,0,0,0,0,0,0,0,0,0,0,0,,,,,,-155.8869263,20.2494668,,
,Panaewa (Agricultural) Hawaiian Home Land,56.51,5.5,0,0,99.33,99.33,99.33,99.33,0,0,0,0,0,0,0,0,,,,,,-155.0499937,19.6855873,,
,Pauahi Hawaiian Home Land,66.67,0,0,0,100,100,100,100,66.67,66.67,66.67,66.67,0,0,0,0,,,,,,-155.7187852,20.0473561,,
,Panaewa (Residential) Hawaiian Home Land,91.76,49.05,0,0,100,100,100,100,25.79,25.79,0,0,0,0,0,0,,,,,,-155.060141,19.692773,,
,Puukapu Hawaiian Home Land,87.98,67.92,0,0,74.44,74.44,74.44,74.44,0,0,0,0,0,0,0,0,,,,,,-155.6254905,20.0103271,,
,Waiohinu Hawaiian Home Land,0,0,0,0,31.25,31.25,31.25,31.25,0,0,0,0,62.5,62.5,62.5,0,,,,,,-155.6202342,19.073574,,
,Kalaupapa Hawaiian Home Land,0,0,0,0,6.74,6.74,6.74,6.74,0,0,0,0,0,0,0,0,,,,,,-156.9840575,21.1845725,,
,Lalamilo Hawaiian Home Land,100,40.58,0,0,43.48,43.48,43.48,43.48,40.58,40.58,0,0,0,0,0,0,,,,,,-155.7063641,20.0240427,,
,Keokea (Agricultural) Hawaiian Home Land,9.76,0,0,0,12.2,12.2,12.2,12.2,0,0,0,0,0,0,0,0,,,,,,-156.3851231,20.7199643,,
,Makuu Hawaiian Home Land,26.92,0,0,0,60,60,60,60,0,0,0,0,3.85,3.85,3.85,0,,,,,,-154.9639958,19.5268775,,
,Nienie Hawaiian Home Land,0,0,0,0,0,0,0,0,0,0,0,0,0,0,0,0,,,,,,-155.5126259,20.0103422,,
,Kaohe-Olaa Hawaiian Home Land,0,0,0,0,0,0,0,0,0,0,0,0,0,0,0,0,,,,,,-155.1922628,19.488321,,
,Waiakea Hawaiian Home Land,35.82,4.48,0,0,64.18,64.18,64.18,64.18,32.84,32.84,32.84,32.84,0,0,0,0,,,,,,-155.0540638,19.7020225,,
,Wailau Hawaiian Home Land,0,0,0,0,0,0,0,0,0,0,0,0,0,0,0,0,,,,,,-155.5171123,19.1446123,,
,Waimanu Hawaiian Home Land,0,0,0,0,0,0,0,0,0,0,0,0,0,0,0,0,,,,,,-155.6405128,20.1355381,,
,Hoolehua-Palaau Hawaiian Home Land,64,52.74,0,0,17.27,17.27,17.27,17.27,0,0,0,0,0,0,0,0,,,,,,-157.0957799,21.1660288,,
,Kahikinui Hawaiian Home Land,50,50,0,0,0,0,0,0,50,50,50,0,0,0,0,0,,,,,,-156.2756315,20.6433768,,
,Kalamaula Hawaiian Home Land,79.16,52.93,0,0,11.01,11.01,11.01,11.01,66.28,66.28,2.81,0,0,0,0,0,,,,,,-157.0236245,21.1252357,,
,Kamiloloa-Makakupaia Hawaiian Home Land,100,0,0,0,3.23,3.23,3.23,3.23,17.2,17.2,0,0,0,0,0,0,,,,,,-156.966641,21.0991312,,
,Honokaia Hawaiian Home Land,0,0,0,0,0,0,0,0,0,0,0,0,0,0,0,0,,,,,,-155.5323028,20.0350366,,
,Honomu Hawaiian Home Land,0,0,0,0,0,0,0,0,0,0,0,0,40.43,40.43,40.43,0,,,,,,-155.1391993,19.8526413,,
,Homuula-Upper Piihonua Hawaiian Home Land,3.16,0,0,0,5.26,5.26,5.26,5.26,0,0,0,0,0,0,0,0,,,,,,-155.4049514,19.7535957,,
,Kolaoa Hawaiian Home Land,0,0,0,0,100,100,100,100,0,0,0,0,0,0,0,0,,,,,,-156.0249693,19.7192675,,
,Kamaoa-Puueo Hawaiian Home Land,0,0,0,0,0,0,0,0,0,0,0,0,100,100,100,0,,,,,,-155.6530393,18.9614914,,
,Kamoku-Kapulena Hawaiian Home Land,98.28,0,0,0,0,0,0,0,0,0,0,0,0,0,0,0,,,,,,-155.5597984,20.0475702,,
,Kaumana Hawaiian Home Land,95.69,76.72,0,0,94.83,94.83,94.83,94.83,0,0,0,0,0,0,0,0,,,,,,-155.1396647,19.68425,,
,Kapaakea Hawaiian Home Land,96.13,0,0,0,5.16,5.16,5.16,5.16,0,0,0,0,0,0,0,0,,,,,,-156.989803,21.1061457,,
,Keanae-Wailua Hawaiian Home Land,0,0,0,0,0,0,0,0,0,0,0,0,0,0,0,0,,,,,,-156.1470862,20.8421412,,
,Waiohuli (Residential) Hawaiian Home Land,100,100,0,0,100,100,100,100,56.89,56.89,0,0,0,0,0,0,,,,,,-156.3756928,20.7346031,,
,Moloaa Hawaiian Home Land,100,0,0,0,100,100,100,100,0,0,0,0,0,0,0,0,,,,,,-159.3561839,22.1783285,,
,Wailua Hawaiian Home Land,0,0,0,0,100,100,100,100,0,0,0,0,0,0,0,0,,,,,,-159.3443499,22.0359045,,
,Waimea Hawaiian Home Land,0,0,0,0,0,0,0,0,0,0,0,0,0,0,0,0,,,,,,-159.7138598,22.0422684,,
,Kewalo Hawaiian Home Land,100,13.97,0,0,100,100,100,100,100,100,100,100,0,0,0,0,,,,,,-157.8389575,21.314112,,
,Ualapue Hawaiian Home Land,0,0,0,0,66.67,66.67,66.67,66.67,0,0,0,0,0,0,0,0,,,,,,-156.8349178,21.0716988,,
,Lanai City Hawaiian Home Land,97.83,97.83,0,0,2.17,2.17,2.17,2.17,0,0,0,0,0,0,0,0,,,,,,-156.9283784,20.827381,,
,Lualualei Hawaiian Home Land,6.58,0,0,0,96.05,96.05,96.05,96.05,0,0,0,0,0,0,0,0,,,,,,-158.1529585,21.4596685,,
,Nanakuli Hawaiian Home Land,98.13,85.51,0,0,100,100,100,100,7.04,7.04,7.04,7.04,0,0,0,0,,,,,,-158.1184704,21.3928859,,
,Honolulu Makai Hawaiian Home Land,100,11.11,0,0,100,100,100,100,88.89,88.89,88.89,88.89,0,0,0,0,,,,,,-157.8964775,21.3360174,,
,Waianae Hawaiian Home Land,58.4,20.98,15.18,0,99.17,99.17,99.17,99.17,0,0,0,0,0,0,0,0,,,,,,-158.1594169,21.4615909,,
,Waimanalo Hawaiian Home Land,99.19,46.79,0,0,100,100,100,100,82.95,82.95,82.95,82.95,0,0,0,0,,,,,,-157.675845,21.32286,,
,Anahola (Agricultural) Hawaiian Home Land,92.63,0,0,0,92.28,92.28,92.28,92.28,0,0,0,0,0,0,0,0,,,,,,-159.3187732,22.1440686,,
,Papakolea Hawaiian Home Land,100,0,0,0,100,100,100,100,99.84,99.84,99.84,99.84,0,0,0,0,,,,,,-157.8383926,21.3175877,,
,Kapolei Hawaiian Home Land,0,0,0,0,33.33,33.33,33.33,33.33,67.72,67.72,67.72,0,0,0,0,0,,,,,,-158.0526583,21.3342139,,
,King Salmon ANVSA,96.99,0,0,0,0,0,0,0,0,0,0,0,0,0,0,0,,,,,,-156.7177185,58.718961,,
,Petersburg ANVSA,100,0,0,0,99.95,99.95,99.95,99.95,0,0,0,0,0,0,0,0,,,,,,-132.945043,56.8076577,,
,Atka ANVSA,0,0,0,0,0,0,0,0,0,0,0,0,0,0,0,0,,,,,,-174.1984602,52.2246503,,
,Nikolski ANVSA,0,0,0,0,0,0,0,0,0,0,0,0,0,0,0,0,,,,,,-168.9432016,52.8980282,,
,St. George ANVSA,0,0,0,0,0,0,0,0,0,0,0,0,0,0,0,0,,,,,,-169.633942,56.5827012,,
,Wrangell ANVSA,100,0,0,0,100,100,100,100,0,0,0,0,0,0,0,0,,,,,,-132.3788566,56.4728006,,
,Akutan ANVSA,0,0,0,0,0,0,0,0,0,0,0,0,100,100,0,0,,,,,,-165.7914136,54.1385732,,
,Alatna ANVSA,0,0,0,0,0,0,0,0,0,0,0,0,0,0,0,0,,,,,,-152.7679925,66.5637616,,
,Allakaket ANVSA,0,0,0,0,0,0,0,0,0,0,0,0,0,0,0,0,,,,,,-152.6233944,66.5382874,,
,Angoon ANVSA,0,0,0,0,99.09,99.09,99.09,99.09,0,0,0,0,0,0,0,0,,,,,,-134.4786291,57.4410211,,
,Chilkat ANVSA,100,100,100,0,0,0,0,0,0,0,0,0,0,0,0,0,,,,,,-135.8918302,59.399876,,
,Nome ANVSA,90.67,90.67,89.22,0,94.61,94.61,0,0,0,0,0,0,0,0,0,0,,,,,,-165.2586889,64.5064085,,
,Akhiok ANVSA,100,0,0,0,0,0,0,0,0,0,0,0,0,0,0,0,,,,,,-154.215306,56.9483286,,
,Karluk ANVSA,0,0,0,0,0,0,0,0,0,0,0,0,0,0,0,0,,,,,,-154.3634131,57.5909814,,
,Larsen Bay ANVSA,0,0,0,0,0,0,0,0,0,0,0,0,0,0,0,0,,,,,,-154.0011546,57.5298927,,
,Hughes ANVSA,0,0,0,0,0,0,0,0,0,0,0,0,0,0,0,0,,,,,,-154.2327913,66.051578,,
,Koyuk ANVSA,0,0,0,0,0,0,0,0,0,0,0,0,0,0,0,0,,,,,,-161.1454584,64.9410837,,
,Mary's Igloo ANVSA,0,0,0,0,,,,,,,,,0,0,0,0,,,,,,-165.0733749,65.1534386,,
,St. Michael ANVSA,0,0,0,0,0,0,0,0,0,0,0,0,0,0,0,0,,,,,,-162.1344864,63.458499,,
,Savoonga ANVSA,0,0,0,0,0,0,0,0,0,0,0,0,0,0,0,0,,,,,,-170.4833237,63.6797055,,
,Belkofski ANVSA,0,0,0,0,,,,,,,,,0,0,0,0,,,,,,-162.0418988,55.0912911,,
,False Pass ANVSA,0,0,0,0,0,0,0,0,0,0,0,0,0,0,0,0,,,,,,-163.4083223,54.887802,,
,King Cove ANVSA,0,0,0,0,0,0,0,0,0,0,0,0,0,0,0,0,,,,,,-162.2686188,55.0567239,,
,Nelson Lagoon ANVSA,0,0,0,0,0,0,0,0,0,0,0,0,100,100,0,0,,,,,,-161.3125173,55.9756767,,
,Sand Point ANVSA,0,0,0,0,0,0,0,0,0,0,0,0,0,0,0,0,,,,,,-160.4832129,55.3133735,,
,Lesnoi ANVSA,0,0,0,0,0,0,0,0,0,0,0,0,0,0,0,0,,,,,,-152.3342576,57.7842922,,
,Skagway ANVSA,97.91,97.91,97.91,0,0,0,0,0,0,0,0,0,0,0,0,0,,,,,,-135.2590961,59.5667792,,
,Ketchikan ANVSA,97.43,97.43,0,0,99.98,99.98,99.98,99.98,97.53,97.53,97.53,97.53,0,0,0,0,,,,,,-131.6691004,55.3710684,,
,Hoonah ANVSA,0,0,0,0,0,0,0,0,0,0,0,0,0,0,0,0,,,,,,-135.4314281,58.1220084,,
,Tatitlek ANVSA,72.22,72.22,72.22,0,0,0,0,0,0,0,0,0,0,0,0,0,,,,,,-146.6685607,60.8944385,,
,Old Harbor ANVSA,78.3,0,0,0,0,0,0,0,0,0,0,0,0,0,0,0,,,,,,-153.3296744,57.2187982,,
,Ouzinkie ANVSA,93.58,0,0,0,0,0,0,0,0,0,0,0,0,0,0,0,,,,,,-152.3823577,57.9101275,,
,Port Lions ANVSA,0,0,0,0,0,0,0,0,0,0,0,0,0,0,0,0,,,,,,-152.7705691,57.7852751,,
,Huslia ANVSA,0,0,0,0,0,0,0,0,0,0,0,0,0,0,0,0,,,,,,-156.3109536,65.7055241,,
,Kaltag ANVSA,0,0,0,0,0,0,0,0,0,0,0,0,0,0,0,0,,,,,,-158.7787614,64.3141433,,
,Chickaloon ANVSA,96.64,96.64,82.46,0,69.77,69.77,69.77,69.77,35.45,35.45,35.45,35.45,0,0,0,0,,,,,,-148.0091807,62.2513951,,
,Knik ANVSA,95.18,95.18,82.69,0,65.11,65.11,65.11,65.11,31.27,31.27,31.27,31.27,0,0,0,0,,,,,,-150.3354418,62.0546111,,
,Marshall ANVSA,0,0,0,0,,,,,,,,,0,0,0,0,,,,,,-162.0608695,61.871555,,
,Mountain Village ANVSA,0,0,0,0,,,,,,,,,0,0,0,0,,,,,,-163.8763569,62.121302,,
,White Mountain ANVSA,0,0,0,0,0,0,0,0,0,0,0,0,0,0,0,0,,,,,,-163.4127546,64.6823553,,
,Tazlina ANVSA,73.91,73.91,67.22,0,0,0,0,0,0,0,0,0,0,0,0,0,,,,,,-145.4455198,62.0661076,,
,Kodiak ANVSA,0,0,0,0,0,0,0,0,0,0,0,0,0,0,0,0,,,,,,-152.558129,57.859585,,
,Egegik ANVSA,0,0,0,0,0,0,0,0,0,0,0,0,0,0,0,0,,,,,,-157.4565385,58.2247882,,
,Igiugig ANVSA,100,0,0,0,0,0,0,0,0,0,0,0,100,0,0,0,,,,,,-155.8632749,59.3009893,,
,Iliamna ANVSA,0,0,0,0,0,0,0,0,0,0,0,0,97.39,0,0,0,,,,,,-154.8837525,59.7783424,,
,Ivanof Bay ANVSA,0,0,0,0,0,0,0,0,0,0,0,0,0,0,0,0,,,,,,-159.4932984,55.9181993,,
,Kokhanok ANVSA,0,0,0,0,0,0,0,0,0,0,0,0,86.59,0,0,0,,,,,,-154.7460073,59.4121071,,
,Levelock ANVSA,100,0,0,0,0,0,0,0,0,0,0,0,100,0,0,0,,,,,,-156.9010206,59.0682459,,
,Newhalen ANVSA,0,0,,0,0,0,0,0,0,0,0,0,100,0,0,0,,,,,,-154.9023976,59.7370291,,
,Nondalton ANVSA,0,0,0,0,0,0,0,0,0,0,0,0,100,0,0,0,,,,,,-154.8660461,59.9752459,,
,Pedro Bay ANVSA,0,0,0,0,0,0,0,0,0,0,0,0,95.45,0,0,0,,,,,,-154.1079305,59.7821613,,
,Perryville ANVSA,0,0,0,0,0,0,0,0,0,0,0,0,0,0,0,0,,,,,,-159.1557538,55.9344558,,
,Pilot Point ANVSA,0,0,0,,0,0,0,0,0,0,0,0,0,0,0,0,,,,,,-157.5629539,57.5587495,,
,Port Heiden ANVSA,0,0,0,0,0,0,0,0,0,0,0,0,0,0,0,0,,,,,,-158.5864165,56.9652405,,
,Ugashik ANVSA,0,0,0,0,0,0,0,0,0,0,0,0,0,0,0,0,,,,,,-157.2858325,57.505137,,
,Tuntutuliak ANVSA,100,100,0,0,0,0,0,0,0,0,0,0,100,0,0,0,,,,,,-162.6616562,60.3468603,,
,Tununak ANVSA,100,100,0,0,0,0,0,0,0,0,0,0,100,0,0,0,,,,,,-165.1280088,60.6071302,,
,Kasigluk ANVSA,0,0,0,0,0,0,0,0,0,0,0,0,100,0,0,0,,,,,,-162.5365979,60.8638198,,
,Kipnuk ANVSA,100,100,0,0,0,0,0,0,0,0,0,0,100,0,0,0,,,,,,-164.0622225,59.9374562,,
,Kongiganak ANVSA,0,0,0,0,0,0,0,0,100,100,0,0,100,0,0,0,,,,,,-162.8778785,59.9650861,,
,Tuluksak ANVSA,100,100,0,0,0,0,0,0,,,,,100,0,0,0,,,,,,-160.9372312,61.1043505,,
,Alakanuk ANVSA,0,0,0,0,,,,,,,,,0,0,0,0,,,,,,-164.649719,62.7109971,,
,Algaaciq ANVSA,0,0,0,0,,,,,,,,,0,0,0,0,,,,,,-163.159856,62.0660446,,
,Andreafsky ANVSA,0,0,0,0,,,,,,,,,0,0,0,0,,,,,,-163.2442565,62.062775,,
,Bill Moore's ANVSA,0,0,0,0,,,,,,,,,0,0,0,0,,,,,,-163.7811318,62.9436623,,
,Chevak ANVSA,0,0,0,0,,,,,,,,,0,0,0,0,,,,,,-165.5941259,61.5295597,,
,Akiak ANVSA,100,100,0,0,0,0,0,0,0,0,0,0,100,0,0,0,,,,,,-161.225173,60.9100544,,
,Hydaburg ANVSA,100,0,0,0,0,0,0,0,0,0,0,0,0,0,0,0,,,,,,-132.8204379,55.2058418,,
,Kasaan ANVSA,0,0,0,0,0,0,0,0,0,0,0,0,0,0,0,0,,,,,,-132.4068335,55.5611447,,
,Klawock ANVSA,0,0,0,0,0,0,0,0,0,0,0,0,0,0,0,0,,,,,,-133.0968677,55.5522743,,
,Naknek ANVSA,100,0,0,0,0,0,0,0,0,0,0,0,0,0,0,0,,,,,,-156.8858719,58.78516,,
,South Naknek ANVSA,100,0,0,0,0,0,0,0,0,0,0,0,0,0,0,0,,,,,,-156.994126,58.6755335,,
,Douglas ANVSA,99.28,99.28,49.81,0,99.66,99.66,99.66,99.66,0,0,0,0,1.26,1.26,0,0,,,,,,-134.5378816,58.2672748,,
,Russian Mission ANVSA,0,0,0,0,,,,,,,,,0,0,0,0,,,,,,-161.3629103,61.7786639,,
,Scammon Bay ANVSA,0,0,0,0,,,,,,,,,0,0,0,0,,,,,,-165.5832794,61.8419289,,
,Ekwok ANVSA,100,0,0,0,0,0,0,0,0,0,0,0,100,0,0,0,,,,,,-157.4870231,59.3457816,,
,Manokotak ANVSA,0,0,0,0,0,0,0,0,0,0,0,0,100,0,0,0,,,,,,-158.9991991,59.005222,,
,New Koliganek ANVSA,100,0,0,0,0,0,0,0,0,0,0,0,100,0,0,0,,,,,,-157.2247646,59.6966587,,
,New Stuyahok ANVSA,100,0,0,0,0,0,0,0,0,0,0,0,,,,,,,,,,-157.3092736,59.485492,,
,Portage Creek ANVSA,0,0,0,0,0,0,0,0,0,0,0,0,,,,,,,,,,-157.669543,58.9050859,,
,Togiak ANVSA,0,0,0,0,0,0,0,0,0,0,0,0,,,,,,,,,,-160.3975828,59.0498592,,
,Twin Hills ANVSA,0,0,0,0,0,0,0,0,0,0,0,0,,,,,,,,,,-160.2806145,59.0818165,,
,Crooked Creek ANVSA,0,0,0,0,0,0,0,0,0,0,0,0,,,,,,,,,,-158.0810201,61.7966975,,
,Eek ANVSA,0,0,0,0,0,0,0,0,0,0,0,0,,,,,,,,,,-162.0419994,60.2162655,,
,Georgetown ANVSA,0,0,0,0,0,0,0,0,0,0,0,0,,,,,,,,,,-157.6571691,61.9260236,,
,Goodnews Bay ANVSA,0,0,0,0,0,0,0,0,0,0,0,0,,,,,,,,,,-161.575325,59.1271649,,
,Kalskag ANVSA,100,0,0,0,0,0,0,0,100,0,0,0,,,,,,,,,,-160.3489828,61.5402704,,
,Eklutna ANVSA,71.43,71.43,0,0,0,0,0,0,7.14,7.14,7.14,7.14,,,,,,,,,,-149.3413433,61.4667169,,
,Dot Lake ANVSA,0,0,0,0,0,0,0,0,0,0,0,0,,,,,,,,,,-144.0160141,63.6622624,,
,Eagle ANVSA,0,0,0,0,0,0,0,0,0,0,0,0,,,,,,,,,,-141.1138596,64.7434087,,
,Healy Lake ANVSA,0,0,0,0,0,0,0,0,0,0,0,0,,,,,,,,,,-144.6956556,63.9882624,,
,Northway ANVSA,0,0,0,0,0,0,0,0,0,0,0,0,,,,,,,,,,-141.9691554,62.9697687,,
,Tanacross ANVSA,100,0,0,0,0,0,0,0,0,0,0,0,,,,,,,,,,-143.4865974,63.3286917,,
,Nunam Iqua ANVSA,0,0,0,0,,,,,,,,,,,,,,,,,,-164.9005535,62.5068877,,
,Ohogamiut ANVSA,0,0,0,0,,,,,,,,,,,,,,,,,,-161.8729675,61.5922551,,
,Paimiut ANVSA,0,0,0,0,,,,,,,,,,,,,,,,,,-165.764147,61.7245152,,
,Pilot Station ANVSA,0,0,0,0,,,,,,,,,,,,,,,,,,-162.8726435,61.9481743,,
,Pitkas Point ANVSA,0,0,0,0,,,,,,,,,,,,,,,,,,-163.2681282,62.0374035,,
,Chuathbaluk ANVSA,0,0,0,0,0,0,0,0,0,0,0,0,,,,,,,,,,-159.2490729,61.5742136,,
,Port Alsworth ANVSA,0,0,0,0,0,0,0,0,0,0,0,0,,,,,,,,,,-154.3396098,60.1567303,,
,Chenega ANVSA,0,0,0,0,0,0,0,0,0,0,0,0,,,,,,,,,,-147.99458,60.0920961,,
,Chistochina ANVSA,93.59,93.59,93.59,0,0,0,0,0,0,0,0,0,,,,,,,,,,-144.5298084,62.6306834,,
,Chitina ANVSA,58.65,58.65,58.65,0,0,0,0,0,0,0,0,0,,,,,,,,,,-144.5115104,61.5270892,,
,Copper Center ANVSA,89.29,89.29,88.84,0,0,0,0,0,0,0,0,0,,,,,,,,,,-145.3512625,61.9958925,,
,Canyon Village ANVSA,0,0,0,0,,,,,,,,,,,,,,,,,,-142.0495142,67.1805698,,
,Venetie ANVSA,0,0,0,0,0,0,0,0,0,0,0,0,,,,,,,,,,-146.4021903,67.0291446,,
,Wales ANVSA,0,0,0,0,0,0,0,0,0,0,0,0,,,,,,,,,,-168.0683133,65.6132325,,
,Grayling ANVSA,100,0,0,0,0,0,0,0,0,0,0,0,,,,,,,,,,-160.1129894,62.8960505,,
,Holy Cross ANVSA,100,0,0,0,0,0,0,0,0,0,0,0,,,,,,,,,,-159.8587759,62.185115,,
,Chignik ANVSA,0,0,0,0,0,0,0,0,0,0,0,0,,,,,,,,,,-158.3917842,56.2951796,,
,Chignik Lagoon ANVSA,0,0,0,0,0,0,0,0,0,0,0,0,,,,,,,,,,-158.5002595,56.3042672,,
,Chignik Lake ANVSA,0,0,0,0,0,0,0,0,0,0,0,0,,,,,,,,,,-158.7933764,56.2732208,,
,Tetlin ANVSA,96.97,0,0,0,0,0,0,0,0,0,0,0,,,,,,,,,,-142.3897779,63.1274888,,
,Ekuk ANVSA,0,0,0,0,0,0,0,0,0,0,0,0,,,,,,,,,,-158.5304355,58.8052453,,
,Atqasuk ANVSA,0,0,0,0,0,0,0,0,0,0,0,0,,,,,,,,,,-157.3254592,70.4807859,,
,Barrow ANVSA,0,0,0,0,100,0,0,0,100,100,0,0,,,,,,,,,,-156.7983808,71.2537659,,
,Kaktovik ANVSA,0,0,0,0,0,0,0,0,0,0,0,0,,,,,,,,,,-143.629435,70.1214522,,
,Nuiqsut ANVSA,0,0,0,0,0,0,0,0,100,100,0,0,,,,,,,,,,-150.9896735,70.2134825,,
,Point Hope ANVSA,0,0,0,0,0,0,0,0,100,100,0,0,,,,,,,,,,-166.6811594,68.3442095,,
,Point Lay ANVSA,0,0,0,0,0,0,0,0,0,0,0,0,,,,,,,,,,-163.0111329,69.7475625,,
,Lake Minchumina ANVSA,0,0,0,0,0,0,0,0,0,0,0,0,,,,,,,,,,-152.3347085,63.8929867,,
,Chilkoot ANVSA,100,100,100,0,0,0,0,0,0,0,0,0,,,,,,,,,,-135.4450167,59.224753,,
,Aniak ANVSA,100,0,0,0,0,0,0,0,100,0,0,0,,,,,,,,,,-159.5013229,61.5681547,,
,Atmautluak ANVSA,0,0,0,0,0,0,0,0,0,0,0,0,,,,,,,,,,-162.271154,60.8608905,,
,Bethel ANVSA,100,100,0,0,99.91,99.91,0,0,0,0,0,0,,,,,,,,,,-161.7963225,60.793905,,
,Cantwell ANVSA,89.23,89.23,36.92,0,0,0,0,0,0,0,0,0,,,,,,,,,,-148.7496213,63.411396,,
,Kenaitze ANVSA,75.91,64.71,16.34,0,51.11,51.11,51.11,51.11,0,0,0,0,,,,,,,,,,-150.6209812,60.5116376,,
,Nanwalek ANVSA,100,0,0,0,0,0,0,0,0,0,0,0,,,,,,,,,,-151.9295579,59.3338477,,
,Ninilchik ANVSA,79.05,71.92,12.12,0,33.9,33.9,33.9,33.9,0,0,0,0,,,,,,,,,,-151.626247,60.005876,,
,Port Graham ANVSA,99.47,99.47,93.62,0,0,0,0,0,0,0,0,0,,,,,,,,,,-151.8464982,59.3398032,,
,Salamatof ANVSA,57.76,57.76,1.76,0,46.73,46.73,46.73,46.73,0,0,0,0,,,,,,,,,,-151.3112891,60.6042123,,
,Seldovia ANVSA,82.81,0,0,0,0,0,0,0,0,0,0,0,,,,,,,,,,-151.6643757,59.4556076,,
,Tyonek ANVSA,0,0,0,0,0,0,0,0,0,0,0,0,,,,,,,,,,-151.1606767,61.0873791,,
,Chuloonawick ANVSA,0,0,0,0,,,,,,,,,,,,,,,,,,-164.085202,62.9302856,,
,Emmonak ANVSA,0,0,0,0,,,,,,,,,,,,,,,,,,-164.5092895,62.7755898,,
,Hamilton ANVSA,0,0,0,0,,,,,,,,,,,,,,,,,,-163.8536641,62.8911569,,
,Hooper Bay ANVSA,0,0,0,0,,,,,,,,,,,,,,,,,,-166.1114715,61.5091672,,
,Kotlik ANVSA,0,0,0,0,,,,,,,,,,,,,,,,,,-163.5366538,63.0291896,,
,Wainwright ANVSA,0,0,0,0,0,0,0,0,78.78,78.78,0,0,,,,,,,,,,-159.9594507,70.6461506,,
,Yakutat ANVSA,0,0,0,0,0,0,0,0,0,0,0,0,,,,,,,,,,-139.6061905,59.5635878,,
,Elim ANVSA,0,0,0,0,0,0,0,0,0,0,0,0,,,,,,,,,,-162.3238235,64.6771918,,
,Ambler ANVSA,0,0,0,0,0,0,0,0,0,0,0,0,,,,,,,,,,-157.8870972,67.0909442,,
,Buckland ANVSA,0,0,0,0,0,0,0,0,0,0,0,0,,,,,,,,,,-161.1390124,65.9765106,,
,St. Paul ANVSA,0,0,0,0,0,0,0,0,0,0,0,0,,,,,,,,,,-170.3228236,57.1790765,,
,Unalaska ANVSA,7.66,0,0,0,99.98,0,0,0,0,0,0,0,,,,,,,,,,-166.5284187,53.910098,,
,Kwethluk ANVSA,0,0,0,0,0,0,0,0,0,0,0,0,,,,,,,,,,-161.4308499,60.7932269,,
,Kwigillingok ANVSA,100,100,0,0,0,0,0,0,0,0,0,0,,,,,,,,,,-163.1773167,59.8775746,,
,Kwinhagak ANVSA,100,100,0,0,0,0,0,0,0,0,0,0,,,,,,,,,,-161.8972055,59.7512759,,
,Lime Village ANVSA,0,0,0,0,0,0,0,0,0,0,0,0,,,,,,,,,,-155.2337838,61.3300678,,
,Lower Kalskag ANVSA,100,0,0,0,0,0,0,0,100,0,0,0,,,,,,,,,,-160.3546498,61.5171211,,
,Mekoryuk ANVSA,0,0,0,0,0,0,0,0,0,0,0,0,,,,,,,,,,-166.2681731,60.3701785,,
,Napaimute ANVSA,0,0,0,0,0,0,0,0,0,0,0,0,,,,,,,,,,-158.7030374,61.5571101,,
,Saxman ANVSA,100,100,0,0,100,100,100,100,100,100,100,100,,,,,,,,,,-131.58915,55.3231649,,
,Aleknagik ANVSA,0,0,0,0,0,0,0,0,0,0,0,0,,,,,,,,,,-158.6643428,59.2889609,,
,Clarks Point ANVSA,0,0,0,0,0,0,0,0,0,0,0,0,,,,,,,,,,-158.5273482,58.8329916,,
,Dillingham ANVSA,100,0,0,0,84.41,0,0,0,0,0,0,0,,,,,,,,,,-158.5676607,59.1318702,,
,Tanana ANVSA,0,0,0,0,0,0,0,0,0,0,0,0,,,,,,,,,,-152.0551023,65.184004,,
,Telida ANVSA,0,0,0,0,0,0,0,0,0,0,0,0,,,,,,,,,,-153.2851665,63.3793877,,
,Kobuk ANVSA,0,0,0,0,0,0,0,0,0,0,0,0,,,,,,,,,,-156.9040713,66.9234023,,
,Kotzebue ANVSA,100,100,0,0,99.94,99.94,0,0,0,0,0,0,,,,,,,,,,-162.5034779,66.8770893,,
,Noatak ANVSA,0,0,0,0,0,0,0,0,0,0,0,0,,,,,,,,,,-163.0104336,67.5894823,,
,Noorvik ANVSA,0,0,0,0,0,0,0,0,0,0,0,0,,,,,,,,,,-161.0346694,66.8282099,,
,Selawik ANVSA,0,0,0,0,0,0,0,0,0,0,0,0,,,,,,,,,,-160.0007656,66.5980611,,
,Eyak ANVSA,85.19,85.19,80,0,100,100,0,0,0,0,0,0,,,,,,,,,,-145.6102457,60.5448071,,
,Gakona ANVSA,98.35,98.35,93.39,0,0,0,0,0,0,0,0,0,,,,,,,,,,-145.007117,62.414632,,
,Gulkana ANVSA,68.57,68.57,68.57,0,0,0,0,0,0,0,0,0,,,,,,,,,,-145.3738533,62.26885,,
,Mentasta Lake ANVSA,91.58,91.58,89.47,0,0,0,0,0,0,0,0,0,,,,,,,,,,-143.7114823,62.909777,,
,Kake ANVSA,0,0,0,0,,,,,,,,,,,,,,,,,,-133.9036632,56.9753204,,
,Chefornak ANVSA,100,100,0,0,0,0,0,0,0,0,0,0,,,,,,,,,,-164.2436396,60.1512837,,
,Nulato ANVSA,0,0,0,0,0,0,0,0,0,0,0,0,,,,,,,,,,-158.2753502,64.6912829,,
,Rampart ANVSA,0,0,0,0,0,0,0,0,0,0,0,0,,,,,,,,,,-150.1533407,65.499413,,
,Ruby ANVSA,100,100,0,0,0,0,0,0,0,0,0,0,,,,,,,,,,-155.5005397,64.7232896,,
,Shageluk ANVSA,100,0,0,0,0,0,0,0,0,0,0,0,,,,,,,,,,-159.5513678,62.661586,,
,Stevens Village ANVSA,0,0,0,0,0,0,0,0,0,0,0,0,,,,,,,,,,-149.0803074,66.0237107,,
,Takotna ANVSA,0,0,0,0,0,0,0,0,0,0,0,0,,,,,,,,,,-156.0840593,62.9823415,,
,Minto ANVSA,100,100,0,0,0,0,0,0,0,0,0,0,,,,,,,,,,-149.3723838,65.1517814,,
,Nenana ANVSA,86.98,0,0,0,0,0,0,0,0,0,0,0,,,,,,,,,,-149.0869275,64.5402419,,
,Nikolai ANVSA,0,0,0,0,0,0,0,0,0,0,0,0,,,,,,,,,,-154.3749442,62.9991147,,
,Anaktuvuk Pass ANVSA,0,0,0,0,0,0,0,0,0,0,0,0,,,,,,,,,,-151.6970664,68.1497516,,
,Koyukuk ANVSA,0,0,0,0,0,0,0,0,0,0,0,0,,,,,,,,,,-157.6934736,64.9021069,,
,Deering ANVSA,0,0,0,0,0,0,0,0,0,0,0,0,,,,,,,,,,-162.7645725,66.0694882,,
,Kiana ANVSA,0,0,0,0,0,0,0,0,0,0,0,0,,,,,,,,,,-160.4317771,66.9786066,,
,Kivalina ANVSA,0,0,0,0,0,0,0,0,0,0,0,0,,,,,,,,,,-164.5355372,67.7268839,,
,Golovin ANVSA,0,0,0,0,0,0,0,0,0,0,0,0,,,,,,,,,,-162.9989429,64.5639018,,
,Napakiak ANVSA,0,0,0,0,0,0,0,0,0,0,0,0,,,,,,,,,,-161.9855732,60.6905409,,
,Napaskiak ANVSA,0,0,0,0,0,0,0,0,0,0,0,0,,,,,,,,,,-161.7537846,60.7027854,,
,Shaktoolik ANVSA,0,0,0,0,0,0,0,0,0,0,0,0,,,,,,,,,,-161.1935141,64.3544806,,
,Shishmaref ANVSA,0,0,0,0,0,0,0,0,0,0,0,0,,,,,,,,,,-166.1232774,66.1190709,,
,Solomon ANVSA,0,0,0,0,0,0,0,0,0,0,0,0,,,,,,,,,,-164.6509663,64.4950913,,
,Stebbins ANVSA,0,0,0,0,0,0,0,0,0,0,0,0,,,,,,,,,,-162.2599813,63.4733937,,
,Teller ANVSA,0,0,0,0,0,0,0,0,0,0,0,0,,,,,,,,,,-166.3521957,65.252365,,
,Unalakleet ANVSA,95.29,95.29,0,0,0,0,0,0,0,0,0,0,,,,,,,,,,-160.7911235,63.9329029,,
,Inalik ANVSA,0,0,0,0,0,0,0,0,0,0,0,0,,,,,,,,,,-168.922577,65.7539244,,
,Anvik ANVSA,100,0,0,0,0,0,0,0,0,0,0,0,,,,,,,,,,-160.2151055,62.6316273,,
,Arctic Village ANVSA,0,0,0,0,0,0,0,0,0,0,0,0,,,,,,,,,,-145.6508498,68.0872708,,
,Beaver ANVSA,0,0,0,0,0,0,0,0,0,0,0,0,,,,,,,,,,-147.2877557,66.3847451,,
,Birch Creek ANVSA,0,0,0,0,0,0,0,0,0,0,0,0,,,,,,,,,,-145.8765829,66.2683268,,
,Chalkyitsik ANVSA,0,0,0,0,0,0,0,0,0,0,0,0,,,,,,,,,,-143.7892981,66.6467531,,
,Circle ANVSA,0,0,0,0,0,0,0,0,0,0,0,0,,,,,,,,,,-144.1753301,65.8386169,,
,Evansville ANVSA,0,0,0,0,0,0,0,0,0,0,0,0,,,,,,,,,,-151.5248382,66.8924622,,
,Fort Yukon ANVSA,0,0,0,0,0,0,0,0,0,0,0,0,,,,,,,,,,-145.227636,66.5884097,,
,Galena ANVSA,0,0,0,0,0,0,0,0,0,0,0,0,,,,,,,,,,-156.8733943,64.7414218,,
,Shungnak ANVSA,0,0,0,0,0,0,0,0,0,0,0,0,,,,,,,,,,-157.149979,66.880505,,
,McGrath ANVSA,0,0,0,0,0,0,0,0,0,0,0,0,,,,,,,,,,-155.5684446,62.9388831,,
,Manley Hot Springs ANVSA,100,100,0,0,0,0,0,0,0,0,0,0,,,,,,,,,,-150.6146928,65.0058624,,
,Akiachak ANVSA,100,100,0,0,0,0,0,0,0,0,0,0,,,,,,,,,,-161.4186234,60.8956284,,
,Nightmute ANVSA,100,100,0,0,0,0,0,0,0,0,0,0,,,,,,,,,,-164.7040713,60.4840833,,
,Nunapitchuk ANVSA,0,0,0,0,0,0,0,0,0,0,0,0,,,,,,,,,,-162.4645454,60.8816984,,
,Newtok ANVSA,100,100,0,0,0,0,0,0,0,0,0,0,,,,,,,,,,-164.49911,60.8109933,,
,Craig ANVSA,77.42,0,0,0,0,0,0,0,0,0,0,0,,,,,,,,,,-133.111568,55.4887459,,
,Oscarville ANVSA,0,0,0,0,0,0,0,0,0,0,0,0,,,,,,,,,,-161.7882386,60.7234436,,
,Platinum ANVSA,0,0,0,0,0,0,0,0,0,0,0,0,,,,,,,,,,-161.7699008,58.997519,,
,Red Devil ANVSA,0,0,0,0,0,0,0,0,0,0,0,0,,,,,,,,,,-157.3585177,61.7574618,,
,Sleetmute ANVSA,0,0,0,0,0,0,0,0,0,0,0,0,,,,,,,,,,-157.0834678,61.6793027,,
,Stony River ANVSA,0,0,0,0,0,0,0,0,0,0,0,0,,,,,,,,,,-156.5905089,61.7920101,,
,Toksook Bay ANVSA,100,100,0,0,0,0,0,0,0,0,0,0,,,,,,,,,,-165.1095171,60.5476984,,
,Brevig Mission ANVSA,0,0,0,0,0,0,0,0,0,0,0,0,,,,,,,,,,-166.508946,65.3431961,,
,Council ANVSA,0,0,0,0,0,0,0,0,0,0,0,0,,,,,,,,,,-163.5896147,64.8893892,,
,Gambell ANVSA,0,0,0,0,0,0,0,0,0,0,0,0,,,,,,,,,,-171.6856111,63.7618841,,
,Sitka ANVSA,93.57,90.11,0,0,100,100,100,100,0,0,0,0,,,,,,,,,,-135.3288252,57.0638335,,
,Seminole OTSA,13.68,13.23,10.75,0,46.02,46.02,46.02,43.09,0,0,0,0,,,,,,,,,,-96.6259468,35.1631053,,
,Chickasaw OTSA,28.06,24.81,12.06,2.29,52.44,50.62,48.54,47.05,7.96,7.96,7.91,5.42,,,,,,,,,,-97.2341262,34.4702963,,
,Choctaw OTSA,23.37,19.77,9.24,2.91,46.34,43.09,35.74,32.99,13.39,12.95,11.91,11.84,,,,,,,,,,-95.4434638,34.509032,,
,Pawnee OTSA,40.08,40.08,0,0,0,0,0,0,31.97,31.97,0,0,,,,,,,,,,-96.6765095,36.3095441,,
,Cherokee OTSA,34.68,32.93,24.02,11.11,56.87,56.87,55,50.77,30.66,30.57,30.46,30.25,,,,,,,,,,-95.1847784,36.2236395,,
,Kaw OTSA,14.38,14.38,10.25,5.36,3.75,3.75,3.75,3.75,6.83,6.83,6.83,6.83,,,,,,,,,,-97.0224714,36.8902973,,
,Ponca OTSA,0,0,0,0,22.04,22.04,22.04,22.04,0,0,0,0,,,,,,,,,,-97.0977514,36.5882231,,
,Tonkawa OTSA,2.67,2.67,0,0,80.48,80.48,80.48,80.48,0,0,0,0,,,,,,,,,,-97.3522193,36.6786409,,
,Otoe-Missouria OTSA,0,0,0,0,0,0,0,0,0,0,0,0,,,,,,,,,,-97.0868106,36.4223594,,
,Creek OTSA,69.96,68.95,57.18,25.04,84.42,84.42,84.4,84.21,29.27,29.26,28.13,28.13,,,,,,,,,,-96.0182551,35.6675677,,
,Kiowa-Comanche-Apache-Fort Sill Apache OTSA,14.42,13.85,10.46,3.46,71.54,71.54,71.54,71.51,7.9,7.9,7.85,6.04,,,,,,,,,,-98.896533,34.657077,,
,Citizen Potawatomi Nation-Absentee Shawnee OTSA,55.34,54.29,27.07,12.18,54.64,53.55,52.46,51.97,20.07,20.07,20.07,20.07,,,,,,,,,,-97.0766282,35.2024433,,
,Modoc OTSA,98.41,98.41,98.41,0,0,0,0,0,98.41,98.41,98.41,98.41,,,,,,,,,,-94.6408441,36.8618548,,
,Ottawa OTSA,1.73,1.73,1.73,0,93.03,93.03,93.03,93.03,29.74,29.74,29.74,29.74,,,,,,,,,,-94.7962849,36.8489534,,
,Peoria OTSA,2.12,2.12,2.12,0,82.96,82.96,82.96,82.96,23.7,23.7,23.7,23.7,,,,,,,,,,-94.7444227,36.9009375,,
,Quapaw OTSA,0,0,0,0,48.59,48.59,48.59,48.59,22.02,22.02,22.02,22.02,,,,,,,,,,-94.7662662,36.9633168,,
,Wyandotte OTSA,75.18,75.18,75.18,0,0,0,0,0,93.88,93.88,93.88,93.88,,,,,,,,,,-94.7069615,36.7960323,,
,Seneca-Cayuga OTSA,23.09,23.09,23.09,0,65.22,65.22,65.22,65.22,86.21,86.21,86.21,86.21,,,,,,,,,,-94.678826,36.6920319,,
,Caddo-Wichita-Delaware OTSA,63.91,63.79,60.07,2.72,18.77,18.77,15.26,0,0.72,0.72,0.72,0.72,,,,,,,,,,-98.3463311,35.3155549,,
,Cheyenne-Arapaho OTSA,42.47,42.35,37,15.66,54.94,54.94,54.94,54.94,12.3,12.3,12.29,11.63,,,,,,,,,,-98.9538252,35.688271,,
,Eastern Shawnee OTSA,62.58,62.58,62.58,0,0,0,0,0,98.67,98.67,98.67,98.67,,,,,,,,,,-94.689084,36.8496045,,
,Miami OTSA,0,0,0,0,0,0,0,0,84.31,84.31,84.31,84.31,,,,,,,,,,-94.9618241,36.9699687,,
,Iowa OTSA,17.71,17.71,0.96,0,2.07,2.07,2.07,2.07,3.34,3.34,3.34,3.34,,,,,,,,,,-97.0786472,35.8184648,,
,Sac and Fox OTSA,27.73,25.41,9.5,1.11,75.55,75.55,75.55,75.55,4.13,4.13,4.08,4.08,,,,,,,,,,-96.7794378,35.7168082,,
,Kickapoo OTSA,30.1,29.75,4.3,0.88,55.36,55.36,55.36,55.36,0,0,0,0,,,,,,,,,,-97.025242,35.5394601,,
,Nanticoke Lenni Lenape SDTSA,,,,,,,,,,,,,,,,,,,,,,-75.1862734,39.4061548,,
,Haliwa-Saponi SDTSA,,,,,,,,,,,,,,,,,,,,,,-77.9708273,36.2546724,,
,Star Muskogee Creek SDTSA,,,,,,,,,,,,,,,,,,,,,,-85.9724159,31.7157314,,
,Coharie SDTSA,,,,,,,,,,,,,,,,,,,,,,-78.6412998,35.2076903,,
,Lumbee SDTSA,,,,,,,,,,,,,,,,,,,,,,-79.1622793,34.7917323,,
,Waccamaw Siouan SDTSA,,,,,,,,,,,,,,,,,,,,,,-78.4945503,34.308142,,
,Ramapough SDTSA,,,,,,,,,,,,,,,,,,,,,,-74.2759602,41.1442725,,
,Lenape Indian Tribe of Delaware SDTSA,,,,,,,,,,,,,,,,,,,,,,-75.5936367,39.2067449,,
,Cher-O-Creek SDTSA,,,,,,,,,,,,,,,,,,,,,,-85.2832649,31.166131,,
,Cherokee Tribe of Northeast Alabama SDTSA,,,,,,,,,,,,,,,,,,,,,,-86.2132274,34.2483481,,
,Adais Caddo SDTSA,,,,,,,,,,,,,,,,,,,,,,-92.99599,31.558777,,
,Eastern Chickahominy SDTSA,,,,,,,,,,,,,,,,,,,,,,-76.973239,37.4363227,,
,Chickahominy SDTSA,,,,,,,,,,,,,,,,,,,,,,-77.1338011,37.4009925,,
,United Houma Nation SDTSA,,,,,,,,,,,,,,,,,,,,,,-90.7266525,29.5999579,,
,Upper South Carolina Pee Dee SDTSA,,,,,,,,,,,,,,,,,,,,,,-79.4228841,34.528075,,
,Clifton Choctaw SDTSA,,,,,,,,,,,,,,,,,,,,,,-92.8646129,31.3182539,,
,Beaver Creek SDTSA,,,,,,,,,,,,,,,,,,,,,,-81.2969705,33.5281893,,
,Waccamaw SDTSA,,,,,,,,,,,,,,,,,,,,,,-79.1979413,33.9748083,,
,Pee Dee SDTSA,,,,,,,,,,,,,,,,,,,,,,-79.6604799,34.7203538,,
,Nanticoke Indian Tribe SDTSA,,,,,,,,,,,,,,,,,,,,,,-75.2136421,38.6547496,,
,Apache Choctaw SDTSA,,,,,,,,,,,,,,,,,,,,,,-93.656572,31.6319588,,
,Sappony SDTSA,,,,,,,,,,,,,,,,,,,,,,-78.8654393,36.4880389,,
,Echota Cherokee SDTSA,,,,,,,,,,,,,,,,,,,,,,-86.4612041,34.580249,,
,MaChis Lower Creek SDTSA,,,,,,,,,,,,,,,,,,,,,,-86.0041608,31.3327576,,
,Meherrin SDTSA,,,,,,,,,,,,,,,,,,,,,,-76.9488369,36.3368589,,
,Occaneechi-Saponi SDTSA,,,,,,,,,,,,,,,,,,,,,,-79.2533327,36.1775818,,
,United Cherokee Ani-Yun-Wiya Nation SDTSA,,,,,,,,,,,,,,,,,,,,,,-86.3125272,34.3043115,,
,Four Winds Cherokee SDTSA,,,,,,,,,,,,,,,,,,,,,,-93.3587338,31.1111681,,
,Wassamasaw SDTSA,,,,,,,,,,,,,,,,,,,,,,-80.1006537,33.0700236,,
,Santee SDTSA,,,,,,,,,,,,,,,,,,,,,,-80.3868298,33.3522191,,
,Mechoopda TDSA,0,0,0,0,99.59,99.59,99.59,99.59,0,0,0,0,,,,,,,,,,-121.8021933,39.7207934,,
,Cayuga Nation TDSA,27.11,27.11,0,0,61.27,61.27,61.27,61.27,2.29,2.29,2.29,2.29,,,,,,,,,,-76.714909,42.7901633,,
,Ione Band of Miwok TDSA,50,50,50,0,37.5,37.5,37.5,37.5,0,0,0,0,,,,,,,,,,-120.8484536,38.4586475,,
,Samish TDSA,94.15,85.34,0,0,68.43,68.43,68.34,63.44,39.26,39.26,39.26,39.26,,,,,,,,,,-122.8939792,48.555359,,
,Creek/Seminole joint-use OTSA,8.33,8.33,0,0,48.58,48.58,48.58,42.84,0,0,0,0,,,,,,,,,,-96.4646003,35.2828318,,
,Kaw/Ponca joint-use OTSA,21.96,21.96,19,7.32,97.12,97.12,97.12,97.12,0,0,0,0,,,,,,,,,,-97.1350714,36.7458033,,
,Miami/Peoria joint-use OTSA,0,0,0,0,97.9,97.9,97.9,97.9,3.77,3.77,3.77,3.77,,,,,,,,,,-94.9203738,36.9014538,,
,Kiowa-Comanche-Apache-Ft Sill Apache/Caddo-Wichita-Delaware joint-use OTSA,89.93,89.93,5.54,4.99,59.7,59.7,3.14,0,13.71,13.71,13.71,13.71,,,,,,,,,,-98.3176097,35.0575934,,
,Kickapoo (KS) Reservation/Sac and Fox Nation Trust Land joint-use area,0,0,0,0,,,,,,,,,,,,,,,,,,-95.7209027,39.7010141,,
,San Felipe Pueblo/Santa Ana Pueblo joint-use area,0,0,0,0,0,0,0,0,0,0,0,0,,,,,,,,,,-106.4945407,35.3627291,,
,San Felipe Pueblo/Santo Domingo Pueblo joint-use area,0,0,0,0,0,0,0,0,0,0,0,0,,,,,,,,,,-106.3715921,35.4738653,,
,,,,,,,,,,,,,,,,,,,,,,,,,,